open,low,high,volume,percentChange,time,close,percentVol
14.3000,14.1500,15.6600,2651327,0.11718188353702375,2020-04-08,15.5400,-0.641094619804179
14.8500,13.7300,15.7000,7387259,0.028846153846153966,2020-04-07,13.9100,-0.04435798360006582
12.8300,12.6400,13.8700,7730153,0.15852613538988858,2020-04-06,13.5200,1.2157955867270451
12.43,11.35,12.65,3488658,-0.06565252201761407,2020-04-03,11.67,-0.43056561199712984
11.69,11.6,13.09,6126532,0.044314381270903036,2020-04-02,12.49,0.17287063782081713
12.04,11.5,12.175,5223536,-0.08352490421455938,2020-04-01,11.96,-0.2745816322307679
14.56,12.78,14.75,7200722,-0.09626038781163426,2020-03-31,13.05,0.1637978155765829
14.0,13.25,14.86,6187262,0.014044943820224587,2020-03-30,14.44,0.14835135873519278
14.2300,13.5000,14.8200,5387952,-0.06988896146309598,2020-03-27,14.2400,-0.50373112229517
15.7500,14.7500,16.4700,10856921,0.055862068965517375,2020-03-26,15.3100,0.2715526641195607
15.0000,14.3800,16.6999,8538318,-0.03268845897264849,2020-03-25,14.5000,0.049977846513909574
11.6900,11.6900,15.6800,8131903,0.3828413284132841,2020-03-24,14.9900,0.28278082816068784
11.4700,10.2700,11.4800,6339277,-0.07112253641816624,2020-03-23,10.8400,-0.33075101150996733
12.9500,11.5400,13.9600,9472225,-0.06415396952686447,2020-03-20,11.6700,0.23227748793607916
9.0000,8.8300,13.3000,7686763,0.339419978517723,2020-03-19,12.4700,-0.15701952305157152
9.29,7.9,9.74,9118554,-0.06899999999999995,2020-03-18,9.31,0.182142615454143
11.3500,9.8000,11.3900,7713582,-0.07834101382488479,2020-03-17,10.0000,-0.0051871327124421995
12.64,10.79,13.2979,7753802,-0.2833553500660503,2020-03-16,10.85,0.053335541309970536
14.7900,12.9700,15.2100,7361189,0.1273268801191363,2020-03-13,15.1400,0.011462998800180868
15.15,13.42,15.33,7277764,-0.18259281801582472,2020-03-12,13.43,-0.5096298070117127
17.7800,16.0750,18.0100,14841367,0.0,2020-03-11,16.4300,0.8433405457946581
16.8200,15.1100,17.0400,8051343,0.05051150895140655,2020-03-10,16.4300,0.7006298673729967
17.36,15.6,18.15,4734330,-0.17813977929584868,2020-03-09,15.64,-0.428494826210679
18.92,18.71,20.085,8283967,-0.04611528822055133,2020-03-06,19.03,0.7803033705764368
21.29,19.8,21.5,4653121,-0.10658307210031348,2020-03-05,19.95,-0.1308958581437778
22.52,21.93,22.92,5353928,0.004950495049504955,2020-03-04,22.33,0.2597302766855707
23.6700,21.8300,24.4300,4250059,-0.06363253265908142,2020-03-03,22.2200,-0.18705958368847175
24.3700,22.4200,24.4000,5228008,-0.01576109498133549,2020-03-02,23.7300,-0.28252645816873534
23.05,22.89,24.26,7286691,0.007943143812708886,2020-02-28,24.11,0.16257071927042288
24.4900,23.5200,25.1100,6267740,-0.05454545454545445,2020-02-27,23.9200,0.268990343489929
26.53,25.25,26.7299,4939155,-0.03361344537815125,2020-02-26,25.3,0.11460003497825144
28.26,26.11,28.49,4431325,-0.06998223801065717,2020-02-25,26.18,0.6552700103582196
27.9700,27.7100,28.3000,2677101,-0.037606837606837695,2020-02-24,28.1500,-0.34192647749999505
30.0300,29.0000,30.0800,4068088,-0.03782894736842102,2020-02-21,29.2500,0.4297305114690515
29.5800,29.3500,30.5300,2845353,0.020134228187919323,2020-02-20,30.4000,-0.021880012457880738
29.8100,29.5800,30.0750,2909002,0.000671591672263272,2020-02-19,29.8000,-0.14275240236917264
30.6800,29.6200,30.9500,3393421,-0.033744321868916294,2020-02-18,29.7800,-0.6847251614595944
30.6500,30.0000,31.0000,10763374,0.005874673629242766,2020-02-14,30.8200,0.5934912961356922
31.42,30.56,31.54,6754586,-0.03647798742138364,2020-02-13,30.64,0.6907692608069431
32.2500,31.4800,32.3100,3994978,-0.002822201317027262,2020-02-12,31.8000,-0.009728510432611026
31.7600,31.4600,32.4400,4034225,0.009177215189873467,2020-02-11,31.8900,-0.1302514821443086
32.49,31.41,32.59,4638381,-0.033639143730886945,2020-02-10,31.6,-0.3324857452512593
35.5000,32.4650,35.7500,6948737,-0.055732024256425094,2020-02-07,32.7000,0.2523947616953479
34.7400,34.3100,34.8100,5548360,0.003768115942029082,2020-02-06,34.6300,1.1689556890150774
33.6400,33.4000,34.9500,2558079,0.04355716878402904,2020-02-05,34.5000,-0.08947241218645519
32.9200,32.2500,33.0900,2809447,0.0276655268884054,2020-02-04,33.0600,0.04419680256781744
31.9800,31.8900,32.7600,2690534,0.009096612296110473,2020-02-03,32.1700,-0.08675156494283653
32.29,31.38,32.71,2946114,-0.018472906403940836,2020-01-31,31.88,-0.32325809445949916
32.58,31.55,33.03,4353379,-0.018731117824773547,2020-01-30,32.48,0.9252678135894472
34.1800,33.0650,34.2500,2261181,-0.02589758681577381,2020-01-29,33.1000,0.23980015648414033
33.84,33.38,34.1,1823827,0.013118664281454917,2020-01-28,33.98,0.011373485637855119
33.24,33.21,33.88,1803317,-0.027262180974477856,2020-01-27,33.54,0.0060626516778710116
35.62,34.2,35.82,1792450,-0.030371203599550256,2020-01-24,34.48,-0.05168099192967268
35.44,34.59,35.71,1890134,0.006510048117747136,2020-01-23,35.56,-0.7104382520411889
35.1,34.8411,35.73,6527568,0.010005717552887372,2020-01-22,35.33,-0.15197259318298295
35.45,34.85,36.97,7697355,-0.017415730337078772,2020-01-21,34.98,2.330850203900771
35.4300,34.8200,35.6850,2310928,0.007357102433503071,2020-01-17,35.6000,0.20910472188155316
34.83,34.74,35.621,1911272,0.020207852193995457,2020-01-16,35.34,-0.17881674494223532
34.7700,34.4800,35.4100,2327461,-0.010568409025992542,2020-01-15,34.6400,-0.3494920083299957
35.4900,34.9500,35.9200,3577913,-0.015189873417721489,2020-01-14,35.0100,-0.061815732248600264
35.7100,35.1100,35.9900,3813657,-0.00531617235590387,2020-01-13,35.5500,0.40847955840526873
36.4,35.57,36.47,2707641,-0.013252346769740408,2020-01-10,35.74,-0.1351945511310555
35.57,35.57,36.51,3130925,-0.006582556226001124,2020-01-09,36.22,-0.02757516284856798
35.88,35.61,36.64,3219709,0.01701534170153418,2020-01-08,36.46,0.06117956484409626
35.35,35.22,36.25,3034085,0.014718369657515051,2020-01-07,35.85,-0.27928921949969254
34.81,34.63,35.5,4209851,0.0028384899233608873,2020-01-06,35.33,0.04054461214860283
36.11,35.22,36.26,4045815,-0.04162132752992387,2020-01-03,35.23,0.3805165606436518
38.0300,36.2800,38.3700,2930653,-0.022080340516094865,2020-01-02,36.7600,0.24634653046383104
36.3800,36.3500,37.7350,2351395,0.02761071623838185,2019-12-31,37.5900,-0.2723455440740319
36.7,36.4,37.015,3231472,-0.0019099590723056226,2019-12-30,36.58,0.47614440439809425
37.32,36.52,37.38,2189130,-0.014784946236559238,2019-12-27,36.65,0.7593491518013573
37.4900,37.1000,37.7300,1244284,-0.005613472333600433,2019-12-26,37.2000,0.5324336240680028
37.6600,37.3050,37.9400,811966,-0.0029317697228147255,2019-12-24,37.4100,-0.6528298756676998
37.6100,37.2100,37.7050,2338813,-0.0015965939329429801,2019-12-23,37.5200,-0.5568215710803996
38.1500,37.2100,38.1600,5277362,-0.004766949152542388,2019-12-20,37.5800,1.2609129657484686
37.5100,37.2600,37.9000,2334173,0.0031880977683313994,2019-12-19,37.7600,-0.3390341892781962
37.0300,36.9400,37.9000,3531458,0.019501625135427858,2019-12-18,37.6400,0.23298252645890116
36.93,36.181999999999995,37.04,2864159,-0.0027012425715829957,2019-12-17,36.92,-0.5499422452706882
37.8600,36.9800,38.1900,6363981,-0.013326226012793208,2019-12-16,37.0200,1.0901832692876146
37.5600,36.7600,37.8190,3044700,0.0032085561497328108,2019-12-13,37.5200,-0.23182403631092874
35.9600,35.6600,37.5900,3963545,0.03687274743554192,2019-12-12,37.4000,0.3519912949599797
35.9500,35.5000,36.2800,2931635,0.005856107083100914,2019-12-11,36.0700,-0.17738948021771028
36.19,35.8,36.69,3563819,-0.013751375137513788,2019-12-10,35.86,-0.4066482414151925
37.3600,36.2500,37.6200,6006250,-0.02676659528907921,2019-12-09,36.3600,0.0997217120449303
36.6400,36.6300,37.6850,5461609,0.029201101928374662,2019-12-06,37.3600,0.13930633764181333
36.36,36.09,36.67,4793802,-0.0019246631839427986,2019-12-05,36.3,0.5934177230336815
37.08,36.35,37.57,3008503,-0.014363143631436315,2019-12-04,36.37,-0.40306141784528104
35.06,34.72,36.97,5039887,0.017369727047146233,2019-12-03,36.9,0.8335249361344208
37.35,36.26,37.7,2748742,-0.028395392445753953,2019-12-02,36.27,1.1049898071865845
36.79,36.71,37.93,1305822,0.010557661072008617,2019-11-29,37.33,-0.4984486661755454
36.78,36.68,37.675,2603566,0.009289617486338608,2019-11-27,36.94,-0.7048582601713627
36.69,36.04,36.7,8821409,-0.009740259740259716,2019-11-26,36.6,1.373034421795718
35.87,35.51,36.98,3717354,0.03125,2019-11-25,36.96,0.8873304509056497
35.77,35.36,35.982,1969636,0.006458859870822842,2019-11-22,35.84,-0.36916093788834203
35.98,35.3,36.015,3122248,-0.007801616049038729,2019-11-21,35.61,-0.3789289025558765
36.45,35.3,36.505,5027199,-0.02947539210383987,2019-11-20,35.89,0.6150486246286611
37.35,36.6,37.359,3112723,-0.0018893387314440346,2019-11-19,36.98,-0.3457173251519351
37.1,36.46,37.28,4757459,-0.00483481063658342,2019-11-18,37.05,-0.2841706690259521
36.2400,36.1100,37.5000,6646080,0.03907340217694655,2019-11-15,37.2300,0.018043633505027135
34.7,34.44,35.89,6528286,0.03554913294797668,2019-11-14,35.83,-0.35503755546231497
34.9,34.0,35.75,10121963,-0.018439716312056653,2019-11-13,34.6,-0.4481891192876435
31.47,30.87,35.321,18343174,0.19897959183673475,2019-11-12,35.25,1.9042689641359511
29.78,29.165,30.17,6315935,-0.022606382978723416,2019-11-11,29.4,0.08043452526764816
29.42,29.02,30.13,5845736,0.018280297901150933,2019-11-08,30.08,0.8371788759515122
29.52,29.4,30.2,3181909,0.01651754989676535,2019-11-07,29.54,-0.16896353050685797
29.48,28.85,29.89,3828844,-0.019568151147098534,2019-11-06,29.06,-0.4787586517473119
29.79,29.47,30.3735,7345626,0.0027063599458727605,2019-11-05,29.64,0.9258597988677066
28.97,28.48,29.78,3814206,0.04194571730701435,2019-11-04,29.56,0.3920231237078222
27.75,27.68,28.54,2740045,0.025298156848572395,2019-11-01,28.37,0.4274026595096274
27.74,26.975,27.74,1919602,-0.0007222824124232252,2019-10-31,27.67,-0.15132343624343847
27.96,27.045,27.99,2261877,-0.00610193826274219,2019-10-30,27.69,0.19942888808168435
27.92,27.56,28.095,1885795,-0.008187967248130978,2019-10-29,27.86,-0.05009648663719257
28.4,28.0,28.78,1985249,-0.0077711056163899395,2019-10-28,28.09,-0.150406298786667
27.36,27.34,28.34,2336704,0.03283473184968977,2019-10-25,28.31,-0.23396473955599728
28.09,27.18,28.36,3050387,-0.02037169406719086,2019-10-24,27.41,0.2559979676001871
27.59,27.0839,28.1,2428656,0.009015506671474993,2019-10-23,27.98,0.15598211472355783
27.5,27.0503,27.87,2100946,0.007997091966557512,2019-10-22,27.73,-0.5198058329205903
26.92,26.83,27.88,4375201,0.040468986384266215,2019-10-21,27.51,-0.26023262628347965
27.88,26.44,27.99,5914293,-0.05232974910394261,2019-10-18,26.44,0.010041680514060847
27.98,27.32,28.35,5855494,0.0010764262648008671,2019-10-17,27.9,0.2610521736508633
29.03,27.85,29.08,4643340,-0.03896551724137931,2019-10-16,27.87,0.3758325725770393
28.19,28.07,29.15,3374931,0.03202846975088969,2019-10-15,29.0,-0.39097245731667263
27.86,27.2499,28.2,5541508,0.0024973242953978403,2019-10-14,28.1,0.21730091507770477
27.14,27.02,28.63,4552291,0.05415569763068828,2019-10-11,28.03,0.5796325784638916
26.56,26.4,27.06,2881867,0.007578628268283483,2019-10-10,26.59,-0.057595600252976276
26.73,26.3,26.82,3057994,0.0022787694644892387,2019-10-09,26.39,-0.3496055620105948
26.44,26.02,26.72,4701753,-0.023005565862708743,2019-10-08,26.33,-0.3867122973905076
27.19,26.95,27.92,7666472,-0.011734506784011778,2019-10-07,26.95,0.11442180317929362
27.29,26.82,27.54,6879327,0.0011013215859030367,2019-10-04,27.27,0.448548645990402
27.1,26.53,27.36,4749117,0.0055370985603542255,2019-10-03,27.24,-0.09825322909101264
27.75,27.08,28.12,5266575,-0.03525641025641024,2019-10-02,27.09,-0.20682916911399263
29.68,28.05,29.74,6639900,-0.048135593220339,2019-10-01,28.08,0.4195913396782611
29.83,29.24,30.01,4677332,-0.009402283411685697,2019-09-30,29.5,0.8830134611614273
29.9,29.57,30.495,2483961,0.005741303613644,2019-09-27,29.78,-0.5227364691551112
30.13,29.17,30.14,5204590,-0.042986425339366585,2019-09-26,29.61,0.8894540554218171
30.9,30.21,31.22,2754547,0.0016186468112657781,2019-09-25,30.94,-0.4125413927852485
32.38,30.66,32.38,4688921,-0.03589263420724087,2019-09-24,30.89,-0.38310749082473694
31.55,31.47,32.13,7600872,0.00691389063482073,2019-09-23,32.04,-0.361666437256868
32.42,31.6,32.7502,11907367,-0.012414649286157653,2019-09-20,31.82,1.763692645629023
32.25,32.0,32.93,4308499,0.005931938807367976,2019-09-19,32.22,-0.26319725437665376
32.04,31.35,32.3908,5847561,-0.009585652442795412,2019-09-18,32.03,0.5464436002894246
32.95,31.88,32.975,3781296,-0.027368421052631486,2019-09-17,32.34,-0.36634122627254306
32.34,32.34,33.885,5967401,0.01681957186544336,2019-09-16,33.25,-0.10138326778756057
33.12,32.52,34.1,6640652,0.0067733990147784695,2019-09-13,32.7,-0.7350713499697776
33.8,30.1,33.92,25065813,-0.10989312140312424,2019-09-12,32.48,7.5714515803069204
36.17,34.83,36.52,2924337,0.012767138495697994,2019-09-11,36.49,-0.4809966201226581
34.82,34.79,36.08,5634524,0.030606407322654405,2019-09-10,36.03,0.03349048851637293
34.41,34.27,35.52,5451936,0.024318781130969747,2019-09-09,34.96,0.5348460884894763
34.31,33.83,34.5,3552106,0.002643948296122245,2019-09-06,34.13,-0.44442934257713596
32.8,32.8,34.25,6393617,0.051266213712167996,2019-09-05,34.04,1.3534107912225846
32.13,31.86,32.44,2716745,0.02663284717818648,2019-09-04,32.38,-0.23912337216773005
32.65,31.33,32.71,3570546,-0.05057194461167969,2019-09-03,31.54,0.4612000224261952
33.2,32.81,33.52,2443571,0.007888349514562965,2019-08-30,33.22,0.005219916063387675
32.25,32.15,33.05,2430882,0.035826524198617316,2019-08-29,32.96,-0.3197626245285189
31.57,31.1,32.02,3573579,0.0018891687657429657,2019-08-28,31.82,-0.3099924059329108
33.5,31.505,33.68,5179043,-0.04595974767197353,2019-08-27,31.76,0.9702584368702711
33.95,33.01,34.125,2628611,-0.008931229532599061,2019-08-26,33.29,-0.2169262502882221
34.08,33.45,34.73,3356786,-0.026376811594202798,2019-08-23,33.59,0.09098100623007088
34.56,34.405,35.14,3076851,0.0,2019-08-22,34.5,-0.2164294958675287
34.31,34.02,34.68,3926706,0.02556480380499404,2019-08-21,34.5,0.11556746492389869
33.37,33.16,34.15,3519918,0.0014885382554330473,2019-08-20,33.64,-0.5275813048830441
32.64,32.64,33.82,7450844,0.056621579112928755,2019-08-19,33.59,0.41538468552480023
31.0,30.14,31.81,5264183,0.03854949362953275,2019-08-16,31.79,-0.19935418235443436
31.92,30.11,31.92,6574921,-0.03590551181102364,2019-08-15,30.61,0.09210700285695306
33.1,31.5,33.28,6020400,-0.06864183044881211,2019-08-14,31.75,-0.38958424120730184
34.05,33.54,35.25,9862786,0.005011792452830344,2019-08-13,34.09,-0.22795567181134002
35.57,33.66,35.58,12774896,-0.05541631857421314,2019-08-12,33.92,-0.3864901190968043
38.8,34.61,39.875,20822641,-0.3047434656340755,2019-08-09,35.91,4.197315959227461
50.13,49.89,52.03,4006422,0.03527761074363589,2019-08-08,51.65,0.06045716082576713
48.87,48.56,50.02,3778014,0.004833836858006091,2019-08-07,49.89,-0.0659949502603363
51.04,49.23,51.09,4044961,-0.02379079826976016,2019-08-06,49.65,0.3760799950739604
52.0,50.41,52.07,2939481,-0.04559954963407764,2019-08-05,50.86,0.28927432619136395
54.85,52.57,54.89,2279950,-0.03337565753673144,2019-08-02,53.29,0.35675856130451633
55.55,54.72,56.66,1680439,-0.01147570378339613,2019-08-01,55.13,-0.03156057245175348
56.8,55.0,56.92,1735203,-0.0165755598659848,2019-07-31,55.77,0.2221004568782825
55.8,55.29,56.71,1419853,0.004783841247342435,2019-07-30,56.71,0.3768912395437558
56.64,56.03,56.82,1031202,-0.0035310734463277482,2019-07-29,56.44,-0.29632831761243406
56.67,56.31,56.97,1465459,0.0026553372278279586,2019-07-26,56.64,-0.21461978870510734
56.66,56.25,57.06,1865923,-0.0001769911504424515,2019-07-25,56.49,-0.05441302267880743
56.7,56.4196,57.085,1973296,-0.003878702397743239,2019-07-24,56.5,0.2659509631460162
56.62,56.26,56.86,1558746,0.00763901225794994,2019-07-23,56.72,0.2007866858125389
56.37,56.185,57.01,1298104,0.006436617200071604,2019-07-22,56.29,-0.44565269379249084
56.81,55.91,57.09,2341680,-0.012360939431396822,2019-07-19,55.93,0.7176531685569301
55.68,55.58,56.775,1363302,0.010888968225633677,2019-07-18,56.63,-0.10396442416012808
56.93,55.99,57.07,1521482,-0.015119549929676457,2019-07-17,56.02,-0.1747437688756205
57.07,56.5,57.23,1843648,-0.0015797788309636074,2019-07-16,56.88,-0.618191393459513
56.83,56.1,57.06,4828723,0.0028164055624009254,2019-07-15,56.97,1.5603148058206098
55.71,55.56,57.0,1885988,0.023972602739726234,2019-07-12,56.81,-0.1309972400001843
55.76,55.09,56.19,2170290,0.004162895927601662,2019-07-11,55.48,-0.19778084822785003
55.78,55.09,56.23,2705358,-0.005400540054005365,2019-07-10,55.25,0.1959053728609168
54.61,54.3802,55.55,2262184,0.010367406329574447,2019-07-09,55.55,-0.3440893543226997
55.87,54.84,56.61,3448921,-0.026213248317392912,2019-07-08,54.98,0.6855660630941036
55.45,55.04,56.48,2046150,0.013644524236983813,2019-07-05,56.46,0.25431330155073506
56.05,55.43,56.19,1631291,-0.004824012864034222,2019-07-03,55.7,-0.16625046254367337
55.95,55.17,55.97,1956572,0.0005362888809439248,2019-07-02,55.97,-0.34573706452905173
56.01,54.98,56.49,2990498,0.014324569356300998,2019-07-01,55.94,0.0407089562627021
54.06,54.06,55.15,2873520,0.025092936802973975,2019-06-28,55.15,0.2931225350515445
53.74,53.68,54.285,2222156,0.0033569563595672314,2019-06-27,53.8,-0.24012618080786496
54.22,53.23,54.65,2924375,-0.007220885021292367,2019-06-26,53.62,0.19808224902494187
54.05,53.74,54.35,2440880,0.0012977382276604388,2019-06-25,54.01,-0.14844745372922297
54.38,53.77,54.65,2866388,-0.009184423218221882,2019-06-24,53.94,-0.39584029326233905
54.15,53.75,54.65,4744421,0.0005513692335967768,2019-06-21,54.44,0.21896551281161925
54.06,53.61,54.86,3892170,0.024477499529278912,2019-06-20,54.41,-0.15733029997038228
53.47,52.61,53.85,4618856,-0.003377744417339068,2019-06-19,53.11,0.12445327567175934
52.41,52.19,54.34,4107646,0.02678227360308294,2019-06-18,53.29,0.13102550836516103
51.74,51.74,52.47,3631789,0.0034802784222738303,2019-06-17,51.9,0.012029133196288955
51.05,50.91,52.17,3588621,0.005443234836703059,2019-06-14,51.72,0.182686137843461
50.63,50.63,51.78,3034297,0.025109605420486236,2019-06-13,51.44,0.7205726666662886
50.4,49.9,50.81,1763539,-0.010841711019120792,2019-06-12,50.18,-0.3490737008706385
50.72,50.2,51.04,2709276,0.009150586831111918,2019-06-11,50.73,-0.04458434307671044
49.55,49.55,50.63,2835704,0.022163481089874093,2019-06-10,50.27,-0.3894740014941793
48.54,48.42,49.72,4644690,0.01716649431230599,2019-06-07,49.18,1.3407491401141476
48.08,47.69,48.48,1984275,0.01066053511705678,2019-06-06,48.35,-0.11136613000738937
48.75,47.62,49.1,2232950,-0.010957204879057159,2019-06-05,47.84,-0.4396359183099864
47.24,46.7,48.4,3984820,0.037092624356775294,2019-06-04,48.37,0.20046285431446553
47.47,46.46,47.86,3319403,-0.018931426167437926,2019-06-03,46.64,-0.17638749700084133
48.55,47.3444,48.56,4030297,-0.03726204941271771,2019-05-31,47.54,0.11469104313564094
49.87,49.23,50.305,3615618,-0.006438631790744442,2019-05-30,49.38,-0.371497348485046
51.13,49.37,51.13,5752749,-0.03326201128185169,2019-05-29,49.7,0.1854440570867837
53.0,50.955,53.09,4852822,-0.031461944235116834,2019-05-28,51.41,-0.3963641203484872
53.11,52.26300000000001,54.59,8039320,0.021161985378991943,2019-05-24,53.08,1.2453510459221508
53.68,51.76,53.7,3580429,-0.042725598526703545,2019-05-23,51.98,0.13033934530255054
54.89,54.3,55.405,3167570,-0.01701665459811741,2019-05-22,54.3,-0.2687503953393131
55.17,54.79,55.45,4331722,0.010611050128064514,2019-05-21,55.24,0.18910248843625177
55.45,54.43,55.75,3642850,-0.02964672465826379,2019-05-20,54.66,0.8000511921444764
56.9,56.26,58.21,2023748,-0.02306625043357613,2019-05-17,56.33,0.01102675957547583
57.5,57.19,57.98,2001676,0.00470465237846307,2019-05-16,57.66,0.14655479551705852
56.76,56.61,57.69,1745818,0.006842105263157983,2019-05-15,57.39,0.01119379643809526
56.07,56.02,57.6,1726492,0.018220793140407254,2019-05-14,57.0,-0.4165587247431951
57.61,55.965,57.99,2959153,-0.05166864306284946,2019-05-13,55.98,0.47311468244545307
59.05,58.08,59.5,2008773,-0.00689771197846567,2019-05-10,59.03,-0.23694521756736175
59.52,58.38,59.9,2632541,-0.014262023217247122,2019-05-09,59.44,1.7819806548358157
60.5,60.07,60.8,946283,-0.00936421882700833,2019-05-08,60.3,-0.3662382352133551
61.85,60.34,62.0099,1493121,-0.025768245838668324,2019-05-07,60.87,-0.10068716869512628
61.8,60.83,62.66,1660291,-0.008411363275670491,2019-05-06,62.48,-0.011316653714802949
64.31,62.58,64.5,1679295,-0.02325220895985125,2019-05-03,63.01,0.3024141228552526
65.98,64.36,66.34,1289371,-0.020200486026731412,2019-05-02,64.51,0.32238296842373004
66.0,65.68,67.09,975036,0.0015211439002131844,2019-05-01,65.84,-0.11007142896259148
65.75,64.78,65.86,1095634,0.003664122137404524,2019-04-30,65.74,0.33579204426167353
65.0,64.92,65.84,820213,0.007692307692307665,2019-04-29,65.5,-0.008873115535383724
64.34,64.34,65.33,827556,0.010258004351880512,2019-04-26,65.0,0.10325207370691603
64.86,63.66,64.86,750106,-0.008934072704867457,2019-04-25,64.34,-0.14389638729676124
65.92,64.51,65.92,876186,-0.01427269966595801,2019-04-24,64.92,-0.3057938851522928
64.79,64.52,66.3593,1262141,0.01934685033276584,2019-04-23,65.86,0.4900642001893658
64.22,64.045,64.64,847038,0.0004645401052958409,2019-04-22,64.61,-0.4130813923274401
65.14,63.91,65.2,1443195,-0.009509202453987786,2019-04-18,64.58,0.07584061521121055
66.23,65.126,66.23,1341458,-0.01197151083497483,2019-04-17,65.2,0.2820577025265403
65.89,65.73,66.35,1046332,0.003650190114068419,2019-04-16,65.99,-9.365174928088749e-05
66.68,65.27,66.68,1046430,-0.0034859048196423936,2019-04-15,65.75,-0.3230907164398077
64.92,64.76,66.05,1545894,0.021836766300139532,2019-04-12,65.98,0.4055587933914204
64.86,64.45,65.15,1099843,0.0026397515527949444,2019-04-11,64.57,-0.46077906975033944
63.89,63.51,64.41,2039689,0.012578616352201255,2019-04-10,64.4,0.12780286538781604
64.56,63.49,64.56,1808551,-0.016089108910891103,2019-04-09,63.6,0.6454117188949986
65.26,64.51,65.56,1099148,-0.012375859434683001,2019-04-08,64.64,-0.1512278897223599
64.74,64.74,65.56,1294986,0.01127935723114959,2019-04-05,65.45,0.2638645981355112
65.56,64.69,65.76,1024624,-0.008730280287946202,2019-04-04,64.72,-0.39334351311362137
64.67,64.58,65.8,1688969,0.017136625642623526,2019-04-03,65.29,-0.31373159302114384
65.63,64.145,65.73,2461091,-0.02209018890920178,2019-04-02,64.19,0.5549304192786553
64.54,64.4,66.1033,1582766,0.020681076037941226,2019-04-01,65.64,-0.3766701546267719
64.73,64.13,65.17,2539211,0.0,2019-03-29,64.31,2.016872408426105
64.26,63.85,64.7,841670,0.006416275430360052,2019-03-28,64.31,-0.36137650765131146
64.85,63.88,65.03,1317944,-0.01434521055067095,2019-03-27,63.9,0.211791099668996
64.88,64.33,65.5,1087600,0.006364483079788874,2019-03-26,64.83,0.10685484691696767
64.28,63.47,64.76,982604,0.0012433944668945873,2019-03-25,64.42,-0.17283725096197478
65.84,64.32,66.5,1187921,-0.03451380552220884,2019-03-22,64.34,0.17600803856929303
65.26,65.26,66.89,1010130,0.017870780510157447,2019-03-21,66.64,-0.40671256515043486
66.22,64.82,66.34,1702598,-0.01385750866094293,2019-03-20,65.47,0.36972364952217296
66.5,66.23,66.82,1243023,0.004387291981845731,2019-03-19,66.39,0.08761575937449684
66.06,65.38,66.42,1142888,0.005323193916349833,2019-03-18,66.1,-0.7808062173514538
65.3,64.96,66.06,5214053,0.006582976117575079,2019-03-15,65.75,2.991683694053646
65.39,65.02199999999999,65.535,1306229,-0.0029003205617464944,2019-03-14,65.32,-0.3590274431445135
65.25,64.5,66.02,2037886,0.006143449546920587,2019-03-13,65.51,0.03111009917020846
65.68,64.98,66.1,1976400,-0.005042787286063555,2019-03-12,65.11,0.026085647312910965
64.64,64.3,65.48,1926155,0.019473438230253937,2019-03-11,65.44,0.19054697708226964
63.62,63.16,64.28,1617874,-0.0029512270891580705,2019-03-08,64.19,-0.3129051807501638
64.03,63.33,64.43,2354659,0.0018674136321192858,2019-03-07,64.38,-0.18757909743700152
65.09,64.2044,65.24,2898324,-0.012751574742663974,2019-03-06,64.26,0.5714541320069098
66.0,65.09,66.04,1844358,-0.013937282229965153,2019-03-05,65.09,0.3174503284057588
67.41,65.78,67.62,1399945,-0.018730489073881196,2019-03-04,66.01,-0.23400316916282016
66.47,66.25,67.6,1827612,0.021409049498937183,2019-03-01,67.27,-0.05426406330531397
66.97,65.82,66.97,1932476,-0.015986851934857382,2019-02-28,65.86,0.7620793980497893
67.03,66.44,67.21,1096702,-0.0037213456385829513,2019-02-27,66.93,-0.5792829755116055
66.86,66.46,67.28,2606745,0.0037352457791721694,2019-02-26,67.18,0.8881397722276507
67.42,66.79,67.83,1380589,0.003899805009749624,2019-02-25,66.93,-0.2714781365184652
66.44,66.09,66.67,1895055,0.008470730600514287,2019-02-22,66.67,0.26947192840252154
66.6,65.88,66.74,1492790,-0.004966887417218513,2019-02-21,66.11,-0.306360449642026
66.02,65.52,67.23,2152112,0.009266291964149964,2019-02-20,66.44,-0.2931542663080071
65.21,64.812,66.15,3044670,0.005652306752215175,2019-02-19,65.83,-0.17539100046881873
65.96,63.85,65.99,3692259,0.002603767805176682,2019-02-15,65.46,-0.4279298758158826
67.07,65.28,67.47,6454207,-0.028422619047619002,2019-02-14,65.29,3.3682852627553697
67.33,67.07,67.82,1477515,0.0022371364653244186,2019-02-13,67.2,-0.5605519114533732
67.56,66.35,67.585,3362206,-0.002825698988697223,2019-02-12,67.05,-0.04045345357086694
68.89,67.14,69.4534,3503953,-0.0284640947839907,2019-02-11,67.24,-0.3328271713587089
66.0,65.94,69.37,5251942,0.07119640922457826,2019-02-08,69.21,1.5748221578346153
65.16,63.49,65.24,2039730,-0.013437165979538812,2019-02-07,64.61,0.10465021819729725
64.75,64.56,65.74,1846494,0.012053778395920256,2019-02-06,65.49,0.2123468721808659
64.95,64.61,65.26,1523074,-0.000772081531809965,2019-02-05,64.71,0.36656414195067333
64.9,64.02,64.9,1114528,-0.005222734254992201,2019-02-04,64.76,-0.48260443282429144
64.38,64.37,65.485,2154112,0.015283842794759694,2019-02-01,65.1,0.40442272360389775
64.03,63.75,64.42,1533806,-0.0009348706762231096,2019-01-31,64.12,-0.3510841734203628
62.62,62.18,64.23,2363644,0.02753762407941096,2019-01-30,64.18,1.4565967061679843
62.99,62.3379,63.25,962162,-0.007310870947234593,2019-01-29,62.46,-0.2894621794625635
62.36,62.25,62.94,1354132,-0.006630880959898944,2019-01-28,62.92,-0.2867921944539541
62.95,62.54,63.59,1898650,0.019639407598197156,2019-01-25,63.34,-0.5568992351543799
62.23,61.73,63.28,4284917,0.0016123831022250013,2019-01-24,62.12,2.0177214458863117
62.22,61.01,63.03,1419918,0.003235198964736341,2019-01-23,62.02,-0.04078195647195437
62.41,61.265,62.61,1480287,-0.012775471095496593,2019-01-22,61.82,-0.4907005500743846
62.5,62.04,63.12,2906516,0.010978366160800723,2019-01-18,62.62,2.175982210663767
61.16,60.78,62.2,915155,0.010275648344478805,2019-01-17,61.94,-0.502752329468861
60.79,60.11,61.6,1840441,0.009883050568275431,2019-01-16,61.31,0.010865296576679118
60.45,59.89,60.82,1820659,0.008136831617402862,2019-01-15,60.71,-0.15824024929262293
60.26,59.56,60.6425,2162920,-0.014079895219384353,2019-01-14,60.22,0.24427743523247503
60.18,59.85,61.1,1738294,0.00742206828302816,2019-01-11,61.08,-0.23347126753060743
58.78,58.49,60.75,2267748,0.02432843385707062,2019-01-10,60.63,-0.405370510022246
59.31,58.64,59.98,3813716,0.0005070993914808586,2019-01-09,59.19,0.29084138392292
57.96,57.1,59.89,2954442,0.0313807531380752,2019-01-08,59.16,-0.635842301152065
54.5,54.33,58.03,8113084,0.0006978367062107083,2019-01-07,57.36,1.256071628489777
55.57,55.35,57.47,3596111,0.047706086638640066,2019-01-04,57.32,0.015692185851245766
54.11,53.9,55.77,3540552,0.004037438062029608,2019-01-03,54.71,0.41753911137357735
52.28,52.12,55.02,2497675,0.024826029716005227,2019-01-02,54.49,0.4160592259645395
53.11,52.28,53.5,1763821,0.00415486307837587,2018-12-31,53.17,-0.18541984461368866
53.44,52.18,53.76,2165313,-0.009169161676646609,2018-12-28,52.95,-0.17298752785750704
51.48,51.43,53.44,2618235,0.025129483982351708,2018-12-27,53.44,-0.17532892540325884
50.4,49.19,52.16,3174884,0.04197481511093337,2018-12-26,52.13,1.2701514585987899
50.33,49.55,51.06,1398534,-0.008914421553090301,2018-12-24,50.03,-0.7110278274366674
52.59,50.43,53.02,4839684,-0.042851725445582245,2018-12-21,50.48,0.5904636931598037
53.74,51.77,54.22,3042939,-0.02459774366561862,2018-12-20,52.74,0.04139196821894098
55.27,53.63,56.53,2921992,-0.020115984052192837,2018-12-19,54.07,0.03503067730226772
55.92,54.78,56.44,2823097,-0.005586592178770999,2018-12-18,55.18,0.013127135729968264
56.41,54.96,57.39,2786518,-0.02237491190979557,2018-12-17,55.49,0.5239473947586173
57.51,56.45,58.17,1828487,-0.022727272727272707,2018-12-14,56.76,-0.35909170889762987
58.28,57.46,58.595,2852962,-0.001203783319002616,2018-12-13,58.08,0.0033438205787750253
59.01,58.04,59.49,2843454,-0.0032567706547823594,2018-12-12,58.15,0.03698411621703834
59.77,57.83,59.87,2742042,-0.00883452259599038,2018-12-11,58.34,0.30091223768659403
58.97,57.77,59.46,2107784,-0.0011878499915153329,2018-12-10,58.86,-0.45800580209218855
60.54,58.6108,60.95,3888942,-0.026272306675479196,2018-12-07,58.93,-0.05437394439178733
60.62,59.23,60.87,4112558,-0.024343059809769474,2018-12-06,60.52,0.5304944627584314
62.99,61.735,64.02,2687078,-0.02314960629921259,2018-12-04,62.03,0.1045080046760396
63.96,63.09,64.48,2432828,0.007296954314720772,2018-12-03,63.5,-0.18302808056792463
62.21,62.12,63.35,2977860,0.011715615471031837,2018-11-30,63.04,0.4916447935242141
62.12,61.98,63.04,1996360,-0.0008017960230917165,2018-11-29,62.31,-0.5483527235912605
60.92,60.8,62.51,4420175,0.029382634532849172,2018-11-28,62.36,0.531478077689985
59.13,59.13,61.03,2886215,0.016272437510484794,2018-11-27,60.58,-0.08477503822666332
59.55,59.01,60.24,3153558,0.02829049508366399,2018-11-26,59.61,2.10340694378838
57.59,57.59,58.86,1016160,-0.003780718336483968,2018-11-23,57.97,-0.7457403832560374
58.25,58.11,59.61,3996545,0.006921612735767413,2018-11-21,58.19,-0.3629978689797083
58.2,57.7,59.55,6273990,-0.027431841130932333,2018-11-20,57.79,0.437027780214565
62.44,59.13,62.7,4365949,-0.052161429255064506,2018-11-19,59.42,0.23993999597284588
61.92,61.51,63.19,3521097,0.00674482094106299,2018-11-16,62.69,-0.09755840015172701
61.42,61.24,62.5,3901745,0.009892961401232636,2018-11-15,62.27,0.08582804391239773
62.57,61.21,63.26,3593336,-0.006125080593165744,2018-11-14,61.66,-0.15438939821593556
62.0,61.43,63.02,4249398,0.0004837929366230398,2018-11-13,62.04,-0.020474973278229336
61.67,61.4,62.82,4338223,0.0001612903225807205,2018-11-12,62.01,-0.15297222543838462
62.54,61.92,63.72,5121701,-0.019917799557382154,2018-11-09,62.0,-0.07671916563132519
63.62,62.64,66.58,5547284,0.0007910140800506671,2018-11-08,63.26,-0.5444814831389999
65.85,60.05,66.0,12177955,-0.12463647694225166,2018-11-07,63.21,1.1331328178739604
72.02,71.47,73.48,5708953,0.005570254839158739,2018-11-06,72.21,0.8635552317401747
70.82,70.38,71.88,3063474,0.016706781820756245,2018-11-05,71.81,-0.05598007110331549
71.6,69.46,72.46,3245137,-0.013271863649064075,2018-11-02,70.63,-0.3323450262318691
73.5,70.68,73.63,4860500,-0.017163256899629276,2018-11-01,71.58,0.9050847989088044
72.33,71.83,74.09,2551330,0.02490852800450316,2018-10-31,72.83,0.33949670629335027
69.42,69.04,71.58,1904693,0.021857923497267784,2018-10-30,71.06,-0.4223124631683792
74.29,68.59,74.9,3297099,-0.04896061269146601,2018-10-29,69.54,0.49282474075569893
74.28,72.53,74.71,2208631,-0.0371345799315248,2018-10-26,73.12,-0.3623341257609817
74.41,74.275,77.68,3463618,0.036723549488054674,2018-10-25,75.94,-0.802366725476278
86.86,69.51,87.2,17525480,-0.16343079031521246,2018-10-24,73.25,11.663202716245811
87.28,86.2224,88.36,1383969,-0.012518326378707534,2018-10-23,87.56,-0.37727021363619795
88.74,87.885,89.1,2222423,0.004190260475651186,2018-10-22,88.67,1.1493930716060414
88.53,88.21,89.81,1033977,-0.0012442031444406254,2018-10-19,88.3,0.3040676717712256
89.14,87.53,89.96,792886,-0.011847546663686148,2018-10-18,88.41,-0.2989216164788603
90.01,88.23,90.31,1130952,-0.006551188096824423,2018-10-17,89.47,-0.29470092740474474
88.48,88.3664,90.35,1603507,0.03031689738016241,2018-10-16,90.06,0.23545886290511464
87.36,87.15,87.99,1297904,-0.0028519279032626077,2018-10-15,87.41,-0.3795454762747029
87.45,86.9,88.125,2091860,0.02084546407359955,2018-10-12,87.66,-0.2708939292280613
86.62,85.49,88.84,2869075,-0.011852704257767521,2018-10-11,85.87,0.49747643454387935
89.45,86.86,89.83,1915940,-0.030674846625766916,2018-10-10,86.9,0.6346788002993022
89.71,89.115,90.39,1172059,-0.004773534635879151,2018-10-09,89.65,0.2535336747222472
90.48,89.36,91.16,935004,-0.010001099021870519,2018-10-08,90.08,-0.19934440716630786
92.52,90.09,92.95,1167798,-0.020665159832095603,2018-10-05,90.99,-0.0009384931922884476
93.19,92.26,93.72,1168895,-0.008113590263691739,2018-10-04,92.91,0.36351971332018285
93.89,93.28,94.0,857263,0.002568768061650406,2018-10-03,93.67,-0.1384395364076011
93.83,93.13,94.12,995012,-0.004899350303546601,2018-10-02,93.43,-0.14951441705258584
94.1,93.66,94.6519,1169934,0.003956372968349164,2018-10-01,93.89,-0.1893304323122016
93.44,93.43,94.33,1443170,-0.0022404779686333587,2018-09-28,93.52,0.7872516966364491
94.23,93.58,94.6299,807480,-0.005411714770797826,2018-09-27,93.73,-0.15347487514100366
94.96,94.1,95.1599,953876,-0.006326444538169662,2018-09-26,94.24,-0.37695762957079604
94.66,94.37,95.28,1530997,0.005299978800084704,2018-09-25,94.84,-0.1858365054396438
95.92,94.31,96.26,1880454,-0.021166217057480674,2018-09-24,94.34,-0.5635174782972007
95.22,95.14,96.75,4308200,0.01645222526893053,2018-09-21,96.38,1.1003847601440753
93.8,93.5399,95.04,2051148,0.016073724817831092,2018-09-20,94.82,0.8573872223515127
92.99,92.81,93.47,1104319,0.00506192784060322,2018-09-19,93.32,-0.446488270845676
92.74,92.73,93.45,1995114,0.001186111710157478,2018-09-18,92.85,0.11634004628489825
92.69,92.52,93.19,1787192,0.00302833657797974,2018-09-17,92.74,0.6529937059800126
92.73,92.28,93.16,1081185,-0.0008644910309056897,2018-09-14,92.46,-0.18376491016155816
91.81,91.39,92.76,1324600,0.012251148545176171,2018-09-13,92.54,-0.3559209950500345
90.0,89.23,91.55,2056580,0.015326521545979466,2018-09-12,91.42,0.8686396941238044
89.77,89.49,90.49,1100576,0.003007686309457691,2018-09-11,90.04,-0.12877350387769948
90.51,89.66,90.83,1263249,-0.004767184035476824,2018-09-10,89.77,-0.49301579287657027
90.56,90.12,91.36,2491693,-0.0069360343498843235,2018-09-07,90.2,0.8007582617795448
89.85,89.85,91.09,1383691,0.008437881647607393,2018-09-06,90.83,-0.2603774734646599
90.45,89.12,90.55,1870807,-0.007055451438650606,2018-09-05,90.07,0.5895571212028521
90.4,89.8,90.76,1176936,-0.004171698320342587,2018-09-04,90.71,-0.08914553800218705
90.41,90.06,91.29,1292123,0.004742995808515449,2018-08-31,91.09,-0.0754661224933707
90.99,90.1,91.43,1397594,-0.005266622778143604,2018-08-30,90.66,0.4958008016310891
90.24,90.16,91.18,934345,0.011992005329780175,2018-08-29,91.14,-0.3087901413941748
89.89,89.41,90.2,1351753,0.0032304778879359564,2018-08-28,90.06,0.07135056050115396
90.22,89.65,90.72,1261728,0.0014502454261489106,2018-08-27,89.77,-0.193657793073037
88.93,88.83,90.3899,1564755,0.01162397020652306,2018-08-24,89.64,-0.28343997171777857
88.52,88.23,89.14,2183704,0.0020355083116587736,2018-08-23,88.61,0.5781047312702936
87.88,87.42,88.49,1383751,0.002607709750567011,2018-08-22,88.43,-0.2819419492972247
87.57,87.57,88.64,1927074,0.0059306569343065,2018-08-21,88.2,0.6685042308421596
87.38,86.6,87.85,1154971,0.003548128648277471,2018-08-20,87.68,-0.3747108303344867
86.5,86.5,88.14,1847099,0.007146974063400702,2018-08-17,87.37,0.28740757055444766
87.44,86.52,87.69,1434743,0.002658344891354636,2018-08-16,86.75,-0.2538246387032218
86.21,85.46,86.59,1922796,-0.00046210720887251977,2018-08-15,86.52,-0.13713086890671455
84.77,84.29,86.63,2228375,0.02328880482326512,2018-08-14,86.56,-0.12487275874744341
86.02,84.51,86.37,2546344,-0.017537746806039367,2018-08-13,84.59,0.48281713499732715
86.52,85.0,86.95,1717234,-0.013180515759312339,2018-08-10,86.1,-0.0586733323466373
88.9,87.1,89.07,1824270,-0.019552758736936626,2018-08-09,87.25,-0.4676427828123094
89.3,87.11,90.04,3426778,0.021933853927422975,2018-08-08,88.99,0.8145636239823859
87.24,86.96,87.61,1888486,0.0020713463751438344,2018-08-07,87.08,0.6119716133834328
86.2,85.89,87.1,1171538,0.0057870370370369795,2018-08-06,86.9,-0.2529852521180672
86.51,85.53,86.88,1568293,0.0034843205574914826,2018-08-03,86.4,-0.15661996856199922
84.95,84.07,86.6,1859533,0.0024449877750609694,2018-08-02,86.1,0.25715473647205167
84.37,84.37,85.91,1479160,0.013570922822752074,2018-08-01,85.89,-0.2751663776303004
84.88,84.47,85.38,2040689,0.0027215714116670675,2018-07-31,84.74,0.20292435924642183
85.93,84.19,85.99,1696440,-0.0158378944916735,2018-07-30,84.51,0.19789349704064296
87.23,85.12,87.59,1416186,-0.014913387633360031,2018-07-27,85.87,-0.13380682269959887
88.22,87.11,88.53,1634954,-0.012126019945602806,2018-07-26,87.17,0.0843006097455834
86.98,86.765,88.24,1507842,0.014952841039797438,2018-07-25,88.24,-0.1526478315233426
88.29,86.56,88.29,1779475,-0.008552856654122531,2018-07-24,86.94,0.40733819140068306
87.02,86.65,88.0,1264426,0.0074678308823528106,2018-07-23,87.69,-0.29586762316215987
87.03,86.81,87.56,1795722,-0.0014913387633359587,2018-07-20,87.04,0.164644329619428
87.05,86.94,87.86,1541863,0.0008036739380024027,2018-07-19,87.17,-0.11591286094114905
86.4,85.61,87.2,1744017,0.006470996071180846,2018-07-18,87.1,0.31860078465054764
85.59,85.05,86.59,1322627,0.009566028931404569,2018-07-17,86.54,0.15150726315835294
86.36,85.64,86.36,1148605,-0.0049912942542078564,2018-07-16,85.72,-0.4749867901656669
85.52,84.87,86.35,2187764,0.005955161139654441,2018-07-13,86.15,-0.17430279937016813
84.5,84.09,85.7,2649596,0.018917311124330816,2018-07-12,85.64,0.9587664838698708
84.13,83.91,84.86,1352686,-0.011060124720555287,2018-07-11,84.05,-0.5569040417242366
84.56,84.38,85.26,3052806,0.009142721443837543,2018-07-10,84.99,0.8529963939236309
83.54,83.29,84.62,1647497,0.008019150209455539,2018-07-09,84.22,-0.3080668423347106
83.17,82.76,84.14,2381006,0.0042067307692306155,2018-07-06,83.55,-0.04491725578663963
82.36,81.96,83.53,2492984,0.014634146341463428,2018-07-05,83.2,0.5434569819743127
82.42,81.8,83.21,1615195,0.0,2018-07-03,82.0,-0.3455110313662946
79.665,79.665,82.06,2467872,0.01724351817392389,2018-07-02,82.0,0.006810192156509132
80.15,79.9052,81.36,2451179,0.007876969242310627,2018-06-29,80.61,-0.045407033485034165
78.62,78.61,80.65,2567774,0.017427808166899927,2018-06-28,79.98,-0.25330683618791217
78.67,77.955,79.7604,3438861,0.0014012738853503848,2018-06-27,78.61,0.17040036866208874
78.87,78.05,79.68,2938192,-0.0041862235189648045,2018-06-26,78.5,0.09254045909729625
80.69,78.47,80.85,2689321,-0.02498453927025346,2018-06-25,78.83,-0.5678478273165991
81.81,80.21,81.95,6223088,-0.002836704489393216,2018-06-22,80.85,1.7562069141150078
82.15,80.88,82.64,2257845,-0.015063168124392567,2018-06-21,81.08,0.034365937796347
83.61,82.15,83.74,2182830,-0.008909222248976723,2018-06-20,82.32,0.06317132223905819
82.59,82.5,83.435,2053131,-0.007053197848176929,2018-06-19,83.06,0.11804750064530034
82.78,81.56,83.72,1836354,-0.0025041736227043865,2018-06-18,83.65,-0.31566682976692806
84.45,83.45,84.46,2683421,-0.006986382474837183,2018-06-15,83.86,0.6088842282734279
84.51,84.09,85.28299999999999,1667877,-0.00035511363636364646,2018-06-14,84.45,-0.4031937927577164
84.73,84.32,85.64,2794671,-0.0024796315975911254,2018-06-13,84.48,-0.0036258739800223427
85.19,84.24,85.84,2804841,-0.002473498233215632,2018-06-12,84.69,0.040403706940423945
85.5,84.81,85.73,2695916,-0.007481879822305415,2018-06-11,84.9,0.7214090964236228
84.39,84.17,85.82,1566110,0.013507109004739393,2018-06-08,85.54,-0.3797075641448626
85.0,83.73,85.44,2524793,-0.004129793510324387,2018-06-07,84.4,0.2514767397076807
83.77,83.77,85.15,2017451,0.009649749821300846,2018-06-06,84.75,0.005666263227262602
83.87,83.55,84.73,2006084,-0.00415233123739478,2018-06-05,83.94,-0.4584940664933884
83.23,83.18,84.92,3704639,0.010671462829736189,2018-06-04,84.29,-0.055116437321972245
80.83,80.05,83.4,3920736,-0.09456085115622614,2018-06-01,83.4,-0.014604241835065701
92.71,91.47,92.99,3978844,-0.006042948095392298,2018-05-31,92.11,-0.3531481412237506
92.14,91.82,95.56,6151090,0.029781086787420863,2018-05-30,92.67,0.03596450319820521
92.89,88.14,93.37,5937549,-0.04479354633266108,2018-05-29,89.99,-0.02450056484031682
99.5,93.72,99.5,6086676,-0.055065195586760374,2018-05-25,94.21,1.318512903532997
100.41,98.9,100.87,2625250,-0.0037969624300558946,2018-05-24,99.7,0.5449981255807903
98.81,98.6,100.2,1699193,0.0069423483247812445,2018-05-23,100.08,-0.28287753327762444
101.0,99.32,101.12,2369460,-0.015648212340299117,2018-05-22,99.39,-0.12924731080056584
100.6,100.59,101.81,2721163,0.007383019056170781,2018-05-21,100.97,0.5728984047106671
99.87,99.42,100.92,1730031,0.003202882594334877,2018-05-18,100.23,0.9210720055965489
100.85,99.59,100.9,900555,-0.008435887256848074,2018-05-17,99.91,-0.3319032509583134
100.94,100.45,101.56,1347941,-0.0010905125408942062,2018-05-16,100.76,-0.2815188758796182
102.3,100.18,102.495,1876098,-0.016669916162994625,2018-05-15,100.87,-0.2119516660933033
105.02,102.51899999999999,105.02,2380689,-0.019311663479923524,2018-05-14,102.58,1.089557256169651
104.3,103.77,104.9,1139327,0.0031648604584251228,2018-05-11,104.6,-0.29562690687200344
103.68,103.31,104.64,1617505,0.008023975251353344,2018-05-10,104.27,0.16642761284386065
102.9,102.04,103.52,1386717,0.006911320938382204,2018-05-09,103.44,-0.3600232413892407
100.94,100.55,103.0,2166824,0.01351617995264398,2018-05-08,102.73,0.5333377678959368
101.94,101.04,102.35,1413142,-0.006371924321145084,2018-05-07,101.36,0.4549649680053127
100.85,100.35,102.3,971255,0.007904357276949048,2018-05-04,102.01,-0.3814040670124629
101.24,99.35,101.63,1570096,-0.004524441821579739,2018-05-03,101.21,1.0288964382768615
102.7,101.54,103.21,773867,-0.010799766491535356,2018-05-02,101.67,-0.022229775061563317
103.16,101.93,103.73,791461,-0.002716863962740179,2018-05-01,102.78,-0.5934572934478934
103.87,103.06,104.29,1946809,-0.004058755315036744,2018-04-30,103.06,0.11668206772219825
103.61,101.99,103.99,1743387,-0.0012547051442910462,2018-04-27,103.48,0.3932984673123061
102.33,102.14,103.74,1251266,0.01758004321351403,2018-04-26,103.61,0.12088168030220636
102.68,101.15,102.818,1116323,-0.011456310679611725,2018-04-25,101.82,0.05788139994162478
104.22,101.72,104.795,1055244,-0.009615384615384581,2018-04-24,103.0,0.046982262962959265
103.98,103.37,104.2448,1007891,0.004733842140855815,2018-04-23,104.0,-0.4274202207283798
104.2,102.98,104.57,1760263,-0.005285412262156397,2018-04-20,103.51,0.7846194867552354
103.87,103.25,104.94,986352,-0.004115226337448541,2018-04-19,104.06,0.09236250391770118
104.31,102.94,104.8,902953,0.0017256255392579245,2018-04-18,104.49,-0.5890493940097304
104.79,104.18,104.99,2197230,0.0028843380444187883,2018-04-17,104.31,1.4719835563360872
104.03,103.315,104.25,888853,0.009022118742724183,2018-04-16,104.01,-0.5316015710015003
104.51,102.741,104.56,1897643,-0.008846153846153837,2018-04-13,103.08,-0.1900493915264423
103.25,102.78,104.6261,2342912,0.014832162373145996,2018-04-12,104.0,0.36627045473497843
101.64,101.54,103.185,1714823,-0.0004876621476640475,2018-04-11,102.48,-0.16363764945728376
101.57,101.09,102.76,2050335,0.024890043982406906,2018-04-10,102.53,0.11481234792773942
100.01,99.82,101.505,1839175,0.002806736166800272,2018-04-09,100.04,0.19671886874954447
101.33,99.04,102.11,1536848,-0.023205718202291115,2018-04-06,99.76,-0.2334601549391595
102.2,100.97,103.11,2004916,0.006603587620737317,2018-04-05,102.13,0.4379661931100962
98.49,98.335,101.71,1394272,0.013282732447817747,2018-04-04,101.46,0.17027641337447252
99.61,98.74,100.27,1191404,0.006533976678729347,2018-04-03,100.13,-0.47084129467121116
100.64,98.67,102.0,2251506,-0.010444643390032815,2018-04-02,99.48,-0.4604419834689354
101.07,99.99,101.7772,4172871,-0.0006958250497016705,2018-03-29,100.53,1.0815532169296915
102.15,100.1901,102.69,2004691,-0.013435324114935865,2018-03-28,100.6,0.14695141382835875
104.58,101.3602,104.79,1747843,-0.018953242255147162,2018-03-27,101.97,-0.1340851813704581
102.91,102.18,104.28,2018493,0.025049309664694208,2018-03-26,103.94,0.315090528839576
103.08,101.19,104.4,1534870,-0.01591614906832295,2018-03-23,101.4,-0.2620267375693862
105.4,102.8,105.68,2079845,-0.03139687911261502,2018-03-22,103.04,-0.28842492409015097
107.07,106.13,107.4094,2922875,-0.008666480290746459,2018-03-21,106.38,0.5686087728854674
105.8,105.75,107.85,1863355,0.014751773049645367,2018-03-20,107.31,0.05019813570393539
104.18,103.8825,105.86,1774289,0.011864893311644753,2018-03-19,105.75,-0.1541882077574146
104.5,104.14,105.62,2097735,0.0006702412868633267,2018-03-16,104.51,0.32130133759293744
104.51,104.04,105.41,1587628,0.000958405213724367,2018-03-15,104.44,0.02243903695617866
106.66,104.185,106.67,1552785,-0.016031686156167457,2018-03-14,104.34,-0.14304281240083339
106.84,105.69,107.6,1811975,-0.00037707390648555883,2018-03-13,106.04,0.5646803932134075
106.94,105.3801,107.2492,1158048,-0.005997001499250421,2018-03-12,106.08,-0.3897096023474653
104.0,103.58,107.1311,1897536,0.03440922748861097,2018-03-09,106.72,0.0023856060686100466
102.51,101.9162,103.28,1893020,0.007519531250000044,2018-03-08,103.17,0.4364544459806259
100.88,100.88,102.56,1317842,0.005400098183603541,2018-03-07,102.4,0.3710468438213306
102.63,101.45,103.5,961194,-0.0014705882352942234,2018-03-06,101.85,-0.5282291254073173
100.62,99.46,102.46,2037417,0.008902077151335286,2018-03-05,102.0,1.0627120377185424
100.05,99.9,101.2965,987737,0.0016843356781925944,2018-03-02,101.1,-0.4757212344850721
102.86,100.2901,104.33,1883992,-0.015701189779598224,2018-03-01,100.93,-0.42190143684491854
104.07,102.5,104.76,3258946,-0.005817335660267542,2018-02-28,102.54,1.1894529636036881
104.44,103.08,104.98,1488475,-0.014334862385321112,2018-02-27,103.14,0.16917826242346412
104.13,103.6,105.0,1273095,0.006347374495095259,2018-02-26,104.64,0.026885783815132402
101.88,101.43,103.98,1239763,0.02838492730689346,2018-02-23,103.98,0.33903793333988586
101.2,101.0,102.7,925861,0.0022799365582870657,2018-02-22,101.11,-0.4506198662183146
100.75,100.63,103.77,1685283,0.0020860236416011535,2018-02-21,100.88,0.48174202499459273
100.09,99.62,101.39,1137366,-0.001487800039674636,2018-02-20,100.67,-0.2715706147387432
100.84,100.47,101.85,1561395,-0.0026708873281235945,2018-02-16,100.82,-0.09482668663998406
100.65,98.96,101.11,1724968,0.009486718593968435,2018-02-15,101.09,-0.37298059657004934
96.55,96.48,100.33,2751060,0.029823118058412312,2018-02-14,100.14,1.0516381051958037
97.09,95.65,98.365,1340909,-0.006741573033707926,2018-02-13,97.24,-0.46407178807936433
97.75,97.39,99.45,2502031,0.009382410557789544,2018-02-12,97.9,-0.29171738571653416
94.6,92.245,97.7,3532532,0.055156657963446376,2018-02-09,96.99,-0.04640567708092913
96.06,91.61,96.21,3704439,-0.04329725228975845,2018-02-08,91.92,1.4238571140674359
95.58,95.46,97.59,1528324,0.0014592453616844026,2018-02-07,96.08,-0.2992386796934178
94.14,93.17,96.51,2180948,-0.0015610365282547889,2018-02-06,95.94,0.16202511547267195
98.42,95.135,100.19,1876851,-0.028314288603498827,2018-02-05,96.09,0.120191730932101
99.09,98.59,100.95,1675473,-0.006030756859985886,2018-02-02,98.89,0.5740920287935243
98.95,98.61,100.16,1064406,-0.0006027122049221401,2018-02-01,99.49,-0.3011696347968814
100.51,99.32,101.56,1523125,0.005555555555555536,2018-01-31,99.55,-0.09965892700919776
99.84,98.4,99.9199,1691720,-0.011186576108669688,2018-01-30,99.0,0.47681789096102456
102.44,99.97,102.57,1145517,-0.02321951219512186,2018-01-29,100.12,-0.011558254638833643
102.21,101.79,102.73,1158912,0.006283133712939426,2018-01-26,102.5,-0.18794166469884643
101.52,101.52,102.72,1427129,0.006621207629212478,2018-01-25,101.86,0.04497144710703793
102.0,100.8,102.685,1365711,-0.007454634624816103,2018-01-24,101.19,0.38034821244476436
101.76,101.16,102.689,989396,0.002359649985252288,2018-01-23,101.95,-0.34347868785450564
100.75,100.25,101.83,1507028,0.007229154287977657,2018-01-22,101.71,-0.21888814654982514
101.0,100.24,101.41,1929337,0.004976114649681618,2018-01-19,100.98,0.4568950675083818
100.38,100.21,100.88,1324280,-0.0012921180797137444,2018-01-18,100.48,-0.2313875802475871
101.4,100.51,101.69,1722949,-0.004452800316643635,2018-01-17,100.61,0.07580497320086121
101.79,100.47,102.95,1601544,-0.00227070786849648,2018-01-16,101.06,0.3890354643145213
101.38,100.39,101.56,1152990,0.001978435057869321,2018-01-12,101.29,-0.05407800109278316
101.52,100.66,101.75,1218906,-0.0013829892324409565,2018-01-11,101.09,0.17851020567990972
100.86,100.11,101.36,1034277,-0.003935845714847841,2018-01-10,101.23,-0.3824323380259488
100.7,100.16,102.71,1674759,0.010740924912978622,2018-01-09,101.63,0.7094680390651793
100.59,100.04,101.16,979696,-0.0007949915532147189,2018-01-08,100.55,-0.21226482225833354
99.5,98.77,100.72,1243687,0.014619883040935644,2018-01-05,100.63,-0.4061258919306864
97.41,97.33,99.99,2094193,0.02405782137325785,2018-01-04,99.18,0.45868993297192184
95.48,95.4,97.23,1435667,0.01893740136770128,2018-01-03,96.85,0.3718472921231395
94.9,94.55,95.55,1046521,0.0015806111696521352,2018-01-02,95.05,0.19228091921704094
95.09,94.4,95.4,877747,-0.0007370748657470338,2017-12-29,94.9,0.3592759382171937
94.75,94.52,95.39,645746,0.0025335163095112634,2017-12-28,94.97,-0.6167329239586289
96.06,94.385,96.06,1684846,-0.012200208550573577,2017-12-27,94.73,3.122492023411044
95.68,95.34,96.34,408696,0.00010428616122637457,2017-12-26,95.9,-0.6296886255215625
95.73,95.57,96.31,1103655,-0.004464285714285587,2017-12-22,95.89,-0.14756915614633337
96.07,95.74,96.78,1294715,0.009855315579786028,2017-12-21,96.32,-0.04041163914500012
95.69,95.15,96.74,1349240,0.004740334983672101,2017-12-20,95.38,-0.3323740494578793
95.36,94.65,95.75,2020952,-0.010217912626420467,2017-12-19,94.93,0.5418781299877624
95.86,95.5,96.44,1310708,0.006929133858267766,2017-12-18,95.91,-0.2892628756941533
94.605,94.03,95.56,1844153,0.011146496815286566,2017-12-15,95.25,0.27520851801808655
94.98,93.76,95.15,1446158,-0.00789889415481837,2017-12-14,94.2,-0.10821762292579962
94.77,94.61,96.0,1621649,0.001687941766008949,2017-12-13,94.95,0.04710337702589262
95.75,94.5211,95.75,1548700,-0.010232849535344979,2017-12-12,94.79,0.36775068731966964
95.78,95.465,96.81,1132297,-0.0016678828312312044,2017-12-11,95.77,-0.08093745764046323
95.0,94.52,96.06,1232013,0.013523507659799261,2017-12-08,95.93,-0.1876951620900278
93.3,93.3,94.82,1516688,0.013600342685800015,2017-12-07,94.65,0.3817378130161515
92.93,92.53,94.51,1097667,0.005491547324216528,2017-12-06,93.38,-0.20921237288086747
92.55,92.025,94.19,1388068,-0.003754559107487565,2017-12-05,92.87,-0.2205307094732326
95.83,92.57,95.9,1780786,-0.024691358024691357,2017-12-04,93.22,0.2356795562398908
96.1,93.7911,96.415,1441139,-0.005824838776783858,2017-12-01,95.58,-0.43616086449603664
95.87,95.585,96.96,2555940,0.006490787269681775,2017-11-30,96.14,0.6604689960553192
98.05,95.25,98.1234,1539288,-0.025306122448979673,2017-11-29,95.52,0.27478639521584913
98.0,97.645,98.9877,1207487,0.004716013942997588,2017-11-28,98.0,-0.02599786886845945
98.1,97.5,98.47,1239717,-0.0022504091653027247,2017-11-27,97.54,2.2888189118421853
98.19,97.7,98.5,376949,-0.00030677983433891054,2017-11-24,97.76,-0.5169457099103602
98.81,97.6,98.8209,780345,-0.012421732983235567,2017-11-22,97.79,-0.3533081069254943
98.53,97.9535,99.44,1206672,0.011336942089674285,2017-11-21,99.02,0.23509145436493717
97.0,96.8001,98.77,976990,0.010423116615067007,2017-11-20,97.91,-0.10906700030640382
96.89,96.49,97.2,1096592,-0.004315659679408057,2017-11-17,96.9,-0.22602757129265494
96.12,96.0,97.65,1416836,0.01385560995937074,2017-11-16,97.32,0.23253396385134462
95.36,94.56,96.27,1149531,0.0024018379281536273,2017-11-15,95.99,0.07823790942858211
96.7,95.29,96.81,1066120,-0.01074380165289246,2017-11-14,95.76,-0.42109852923449165
95.9,95.6401,97.64,1841626,0.008963935793204092,2017-11-13,96.8,0.4274698810122677
94.59,94.55,96.115,1290133,0.013843390045440218,2017-11-10,95.94,-0.41678570847354646
96.6,94.46,97.2,2212108,-0.021912144702842418,2017-11-09,94.63,-0.4709632303914394
97.0,95.54,99.0,4181388,0.04560683021722678,2017-11-08,96.75,0.4041916992131749
92.96,91.615,92.99,2977790,-0.005267684368952863,2017-11-07,92.53,0.9923925116086125
91.16,91.095,93.21,1494580,0.017167851284854985,2017-11-06,93.02,0.1801436942482031
90.66,90.1501,91.73,1266439,0.008380196273018115,2017-11-03,91.45,-0.21152848813500225
91.07,90.52,91.445,1606195,-0.008852459016393421,2017-11-02,90.69,0.42503335912159046
91.99,90.89,92.53,1127128,-0.00021853146853145766,2017-11-01,91.5,0.11376284584980234
91.25,90.63,91.89,1012000,0.0037288879140160436,2017-10-31,91.52,0.06870325743287342
91.67,90.44,91.67,946942,-0.007942552497007815,2017-10-30,91.18,-0.02258211019590839
91.04,90.27,92.53,968820,0.010777521170130866,2017-10-27,91.91,0.5180174674952289
91.31,90.5,91.38,638214,0.003088803088802994,2017-10-26,90.93,-0.2675757311458252
91.15,90.33,91.4,871372,-0.008314188819603885,2017-10-25,90.65,0.20992968463614847
91.4,91.08,91.58,720184,-0.0008744125040988093,2017-10-24,91.41,-0.07123365401975701
92.28,91.44,92.6,775420,-0.004353030797693003,2017-10-23,91.49,-0.497593968691465
91.52,91.09,91.9,1543413,0.009447434911567631,2017-10-20,91.89,-0.20705241660993878
91.0,90.12,91.09,1946425,-0.005897127880310049,2017-10-19,91.03,0.42568082270043806
92.65,91.57,92.67,1365260,-0.005862555639995715,2017-10-18,91.57,-0.43309630337066984
91.39,91.17,92.23,2408275,0.0067766969067657445,2017-10-17,92.11,0.39233850312951324
91.06,90.8501,91.8,1729662,0.004942882249560521,2017-10-16,91.49,-0.1464352017718138
91.6,90.95,91.9899,2026398,-0.0017543859649122862,2017-10-13,91.04,-0.5287845400993962
92.06,89.5,93.4,4300364,0.04050199657729592,2017-10-12,91.2,1.1411293052972034
87.83,87.06,87.99,2008456,-0.004994891588148476,2017-10-11,87.65,0.2801152352028249
88.42,87.77,88.7299,1568965,-0.0036195000565546476,2017-10-10,88.09,-0.1810473745171125
87.8,87.47,89.51899999999998,1915819,0.011093321134492129,2017-10-09,88.41,0.3536113962803258
85.87,85.538,87.44,1415339,0.019351830263464542,2017-10-06,87.44,-0.225295302527724
85.47,85.21,86.135,1826940,0.0032748538011695416,2017-10-05,85.78,1.4931255978853453
85.11,84.8473,85.62,732791,0.004582305252026853,2017-10-04,85.5,-0.35221463457755975
85.37,85.0,85.73,1131225,-0.002811950790861051,2017-10-03,85.11,-0.3975411145669123
85.88,85.04,86.75,1877680,-0.0061714019562180145,2017-10-02,85.35,0.3188742845222199
84.52,84.4101,86.03,1423699,0.012855289538860504,2017-09-29,85.88,0.6758074768115259
84.25,83.93,84.97,849560,0.002008981328291304,2017-09-28,84.79,-0.18808291195311766
84.6,84.16,85.0742,1046363,0.007141156867412679,2017-09-27,84.62,0.13091959638231265
84.46,83.87,84.54,925232,-0.0065034882345985645,2017-09-26,84.02,-0.2586786957619073
85.33,83.8,85.58,1248085,-0.010992866331423379,2017-09-25,84.57,-0.5327395136553941
84.42,84.25,85.99,2671069,0.007897218293257957,2017-09-22,85.51,1.0362420374396613
84.52,84.33,85.39,1311764,-0.0005889975262103331,2017-09-21,84.84,0.036904473008362304
84.76,84.26,85.31,1265077,0.0014155951397900601,2017-09-20,84.89,0.5406612383483169
84.9,84.66,85.05,821126,-0.0009428403064231095,2017-09-19,84.77,-0.3531384906254924
85.08,84.73,85.39,1269400,-0.00258610556012695,2017-09-18,84.85,-0.43512127048319515
85.78,84.96,85.83,2247208,-0.0038641686182671053,2017-09-15,85.07,-0.06654188479609335
84.98,84.5001,85.82,2407401,0.00046860356138722636,2017-09-14,85.4,-0.10397949954778418
85.8,84.74,85.8,2686770,-0.006402048655569703,2017-09-13,85.36,0.31980211589218066
85.57,85.46,86.29,2035737,0.007741935483871032,2017-09-12,85.91,-0.31500856686393564
84.84,84.18,85.86,2971916,0.012831175002970152,2017-09-11,85.25,0.7801425831485456
84.29,83.58,84.585,1669482,-0.0018973081939996916,2017-09-08,84.17,-0.01347992724668412
84.26,83.52,84.34,1692294,0.0038090703487678734,2017-09-07,84.33,0.39707985087194997
84.43,83.63,84.92,1211308,-0.005092373282804319,2017-09-06,84.01,-0.12903724486237467
84.61,84.24,85.71,1390769,-0.00553527264162057,2017-09-05,84.44,0.8430179628022236
85.13,84.555,85.38,754615,-0.0010588235294117787,2017-09-01,84.91,-0.4896480968364356
84.88,84.42,85.28,1478617,0.006751154802795201,2017-08-31,85.0,0.9938093645665342
84.59,84.08,84.765,741604,-0.003187721369539487,2017-08-30,84.43,-0.13007103912313134
84.31,84.13,84.94,852488,-0.0010614459252270558,2017-08-29,84.7,0.1656775929683696
84.89,84.12,85.07,731324,-0.0010603204524032295,2017-08-28,84.79,0.4308628134617605
85.38,84.74,85.6,511107,-0.0017640832647302096,2017-08-25,84.88,-0.5408767687365705
85.5,84.93,85.7971,1113224,-0.000470201010932092,2017-08-24,85.03,-0.5067597534915314
84.93,84.4,85.225,2256961,-0.00514559700619821,2017-08-23,85.07,0.16058876857706883
83.5,83.5,85.59,1944669,0.026900444337696783,2017-08-22,85.51,0.7798675077247499
83.37,82.85,83.68,1092592,-0.0008399328053756427,2017-08-21,83.27,-0.385749808431919
83.52,82.8,84.13,1778741,-0.002871500358937462,2017-08-18,83.34,0.015197070510252209
85.5,83.57,85.79,1752114,-0.025760578155962333,2017-08-17,83.58,0.18051866674751893
85.36,84.96,86.08,1484190,0.005155243116578889,2017-08-16,85.79,-0.32567438694883555
84.45,83.8,85.69,2200999,0.013296925086073719,2017-08-15,85.35,-0.09040795283839542
82.81,82.5,84.44,2419765,0.026569165143205398,2017-08-14,84.23,0.5589722411564833
81.46,80.85,82.2,1552154,0.009597637504614287,2017-08-11,82.05,-0.36950391543091676
82.19,80.7,82.55,2461798,-0.020607375271149753,2017-08-10,81.27,-0.4665428620958655
79.68,79.67,84.5,4614800,0.0708478513356563,2017-08-09,82.98,0.6878834706436363
78.46,77.26,79.29,2734075,-0.01749714720426032,2017-08-08,77.49,1.2427970373578705
78.65,78.63,79.25,1219047,0.001905487804878092,2017-08-07,78.87,0.4632907046811494
78.49,78.4,78.95,833086,0.003569607343192338,2017-08-04,78.72,-0.025192601121439284
78.37,78.0,78.65,854616,0.004224811163743514,2017-08-03,78.44,-0.15502098565856404
78.97,77.86,79.25,1011405,-0.007748983739837345,2017-08-02,78.11,-0.05051205817438986
78.49,78.4,78.95,1065211,0.004337841286042421,2017-08-01,78.72,0.0886318250848761
78.54,77.96,79.0,978486,-0.0006375111564453917,2017-07-31,78.38,0.21136033316909275
78.41,78.34,78.89,807758,-0.0006371049949031038,2017-07-28,78.43,-0.5507401382110431
80.22,77.37,80.29,1797975,-0.01973519860104922,2017-07-27,78.48,0.6898658333137526
80.06,79.85,80.39,1063975,0.0,2017-07-26,80.06,0.3777490883851986
80.35,79.98,80.7299,772256,-0.0023676012461059104,2017-07-25,80.06,-0.453099726640511
80.0,79.62,80.39,1412060,0.003877908431323629,2017-07-24,80.25,-0.11940531203033311
78.53,78.53,80.36,1603530,0.01653102746693791,2017-07-21,79.94,1.1605267625445639
78.52,78.09,78.87,742194,-0.00088934061745638,2017-07-20,78.64,-0.4974394393377686
78.0,77.77,78.71,1476825,0.009361374711464254,2017-07-19,78.71,-0.1409333001377462
78.24,77.74,78.35,1719104,-0.0029408004091546758,2017-07-18,77.98,0.1601684740759537
78.52,77.65,78.57,1481771,-0.0038211692777991857,2017-07-17,78.21,0.07981125888139906
78.82,77.92,78.82,1372250,-0.0006364562118126305,2017-07-14,78.51,0.36477376929181937
78.68,77.9754,78.93,1005478,-0.0015251652262329163,2017-07-13,78.56,0.042236644204446616
78.25,77.92,78.98,964731,0.012221793387366509,2017-07-12,78.68,-0.4534990627586336
77.92,77.34,78.05,1765287,-0.0015414258188823915,2017-07-11,77.73,-0.19520364647966815
77.36,77.1301,78.25,2193458,0.005034856700232293,2017-07-10,77.85,1.7180868069582371
76.51,76.46,77.65,806986,0.012416677558488853,2017-07-07,77.46,-0.5840473462327282
76.2,75.64,76.7,1940091,0.003541448058761887,2017-07-06,76.51,0.09006675502910166
75.95,75.88,76.67,1779791,0.0038183015141539656,2017-07-05,76.24,0.46199195974285634
76.76,75.84,76.85,1217374,-0.010036496350364965,2017-07-03,75.95,-0.32908643804195314
78.22,76.72,78.7806,1814502,-0.023172905525846832,2017-06-30,76.72,-0.0919871772417058
78.19,77.47,78.85,1998322,0.0017857142857142794,2017-06-29,78.54,-0.06924311569800645
77.9,77.26,78.58,2146986,0.011351909184726727,2017-06-28,78.4,0.06727611662068456
78.54,77.5,79.25,2011650,-0.016867469879518038,2017-06-27,77.52,-0.269101143190994
78.05,77.86,79.31,2752296,0.00497068569971959,2017-06-26,78.85,-0.6966193784033644
76.27,76.06,78.47,9072089,0.022679874869655725,2017-06-23,78.46,7.6903813787032185
76.54,76.122,77.0,1043923,0.003925673907354099,2017-06-22,76.72,-0.47814000176965576
76.0,75.79,76.99,2000389,0.0065858798735511925,2017-06-21,76.42,0.33482960877079426
76.41,75.675,76.54,1498610,-0.01029852691956712,2017-06-20,75.92,-0.10796068053110097
75.0,74.9,76.87,1679982,0.02498663816141078,2017-06-19,76.71,-0.3424820628750437
73.63,73.51,74.98,2555036,0.009986504723346945,2017-06-16,74.84,0.5031975591474902
74.06,73.75,74.57,1699734,-0.009225832330525652,2017-06-15,74.1,0.42278826434520567
76.0,74.66,76.19,1194650,-0.015013828526274198,2017-06-14,74.79,-0.426828449152705
75.42,74.9,75.96,2084280,0.005029781601588512,2017-06-13,75.93,-0.14371882583633344
74.73,73.94,75.95,2434107,0.005992010652463353,2017-06-12,75.55,0.0636389973917082
75.9,74.31,76.39,2288471,-0.013788575180564866,2017-06-09,75.1,0.5365032408980248
76.8,75.76,76.891,1489402,-0.008076071382050132,2017-06-08,76.15,0.30594540184028096
76.88,76.37,77.25,1140478,-0.0013008976193574773,2017-06-07,76.77,-0.16313127755372792
77.52,76.84,77.99,1362792,-0.011318327974276454,2017-06-06,76.87,-0.18680695741213582
77.35,76.97,78.1,1675853,0.002062121407397921,2017-06-05,77.75,-0.21050060348295874
77.0,76.29,78.24,2122678,0.005833549390718229,2017-06-02,77.59,0.24264602573949534
77.3,76.76,77.82,1708192,-0.004901960784313708,2017-06-01,77.14,-0.20610431583457967
78.23,77.322,78.64,2151658,-0.0104671942813378,2017-05-31,77.52,0.07726391553549328
78.1,77.27,78.6,1997336,-0.004068141367912448,2017-05-30,78.34,-0.1581139191739861
79.51,77.17,80.33,2372454,0.00025432349949139343,2017-05-26,78.66,0.3992238506679249
78.54,78.02,79.55,1695550,0.008851828094932568,2017-05-25,78.64,0.43915820851942944
78.55,77.4,78.726,1178154,-0.004088411907499645,2017-05-24,77.95,0.08006468540123102
78.45,78.15,78.88,1090818,-0.0026758409785934134,2017-05-23,78.27,-0.27244459384829645
78.1,77.6401,78.58,1499292,0.005251697194825322,2017-05-22,78.48,-0.1336291557043079
78.08,77.94,79.03,1730543,-0.000640040962621713,2017-05-19,78.07,-0.44570475903730233
78.7,77.74,78.89,3122060,-0.008377760853008343,2017-05-18,78.12,0.457140950241133
80.03,78.515,80.18,2142593,-0.022459362203747335,2017-05-17,78.78,0.24779962925798604
80.69,80.29,80.83,1717097,0.0007450639513224555,2017-05-16,80.59,-0.0753142784520009
79.64,79.64,80.6,1856952,0.01142928912333585,2017-05-15,80.53,0.7956850227101524
79.45,79.12,79.63,1034119,0.0025182573659028318,2017-05-12,79.62,-0.4163511242978254
79.22,78.97,79.52,1771817,-0.0023866348448686736,2017-05-11,79.42,-0.3420395834517005
79.06,79.06,79.86,2692893,0.007721518987341858,2017-05-10,79.61,-0.23494988907326964
79.93,78.84,80.03,3519891,0.007524550439995004,2017-05-09,79.0,2.0320676930074217
78.14,77.51,78.43,1160888,0.0002551345834926888,2017-05-08,78.41,0.15940512085043235
77.79,77.05,78.48,1001279,0.010701392470345628,2017-05-05,78.39,-0.5583333737677252
77.88,77.52,78.31,2267047,0.003753073637893234,2017-05-04,77.56,-0.2624049719446402
76.84,76.33,78.6,3073566,0.0037672122629253124,2017-05-03,77.27,0.4016358679740719
76.43,76.25,77.93,2192842,0.0075916230366492865,2017-05-02,76.98,-0.259478713797787
75.38,74.95,76.8,2961214,0.014069551367135613,2017-05-01,76.4,0.47588196389259796
75.88,74.96,75.88,2006403,-0.007116499736425808,2017-04-28,75.34,0.6928670868453692
76.33,75.35,76.47,1185210,-0.003414762280010586,2017-04-27,75.88,-0.23008865078916552
76.33,75.65,76.75,1539411,0.0001313542624459263,2017-04-26,76.14,-0.2462070687780944
75.41,75.09,76.42,2042220,0.005813185361342343,2017-04-25,76.13,-0.05297658850468967
76.97,75.43,77.03,2156462,-0.008254716981132004,2017-04-24,75.69,-0.20946749466614856
75.72,75.01,76.52,2727860,0.010994833752814959,2017-04-21,76.32,0.03938075941939534
75.52,74.88,75.78,2624505,0.003189368770764034,2017-04-20,75.49,-0.18480924665895115
76.16,74.7,76.16,3219498,-0.0018570102135562205,2017-04-19,75.25,0.028212547426512913
76.7,74.77,76.84,3131160,-0.020909090909090877,2017-04-18,75.39,0.5158964924596354
76.8,76.8,77.99,2065550,0.006404391582799596,2017-04-17,77.0,-0.302403416198574
75.69,75.52,77.34,2960952,0.004991461972941202,2017-04-13,76.51,-0.17457666051886822
74.04,74.0,76.75,3587192,0.02490576198169081,2017-04-12,76.13,0.2247273104693388
74.11,73.54,75.18,2928972,-0.005755588274661938,2017-04-11,74.28,-0.08031365717445416
75.9,73.84,76.16,3184751,-0.01528931066297623,2017-04-10,74.71,-0.20013908873022135
74.4,74.39,76.24,3981631,0.015934654525977532,2017-04-07,75.87,-0.5775500406096703
72.72,72.55,75.09,9425095,0.04025630310628214,2017-04-06,74.68,0.797235203182781
69.97,69.61,72.64,5244219,0.03443804034582132,2017-04-05,71.79,-0.24994239643694605
68.58,68.11,70.625,6991755,0.021339220014716664,2017-04-04,69.4,-0.7973195557594541
69.32,67.76,71.83,34496446,-0.015360092740182574,2017-04-03,67.95,623.290967660206
71.09,68.9,71.09,55257,-0.03007730147575549,2017-03-31,69.01,0.2278787609439581
72.99,70.28,73.54,45002,-0.021589658965896485,2017-03-30,71.15,-0.3856885442830621
69.28,67.5,74.92,73256,0.052844939916027345,2017-03-29,72.72,2.4050385795296085
68.35,68.2,70.1,21514,0.014988978692138,2017-03-28,69.07,-0.3119263120862251
67.01,65.53,68.16,31267,0.003095518867924474,2017-03-27,68.05,1.2713206450675578
67.9,67.6,69.04,13766,0.008923259964306984,2017-03-24,67.84,0.10721467063460155
65.25,65.22,67.77,12433,0.021418806015494507,2017-03-23,67.24,-0.17547582730950329
65.49,64.79,66.4,15079,0.012302014454866894,2017-03-22,65.83,-0.48078644721437913
66.8,63.94,67.41,29042,-0.02576779026217224,2017-03-21,65.03,1.224247530060504
66.77,66.0,67.62,13057,0.0025533193151097144,2017-03-20,66.75,-0.5679923239809423
69.18,66.34,69.21,30224,-0.032126762610844684,2017-03-17,66.58,2.485239852398524
69.48,68.59,70.01,8672,-0.008503891611415293,2017-03-16,68.79,-0.19933524143661707
68.72,68.72,69.59,10831,0.01225561715786383,2017-03-15,69.38,0.5765647743813682
68.31,67.63,68.79,6870,-0.003923848277866515,2017-03-14,68.54,-0.5555411787539626
68.98,68.54,69.22,15457,-0.003620040544454084,2017-03-13,68.81,0.6285955115372459
68.73,67.98,69.33,9491,0.0008695652173913437,2017-03-10,69.06,0.24178987308648447
68.41,68.37,69.24,7643,0.005977547747485046,2017-03-09,69.0,0.12264982373678035
68.35,68.1,68.98,6808,0.004393029726167841,2017-03-08,68.59,-0.32853338593549664
68.41,68.18,68.95,10139,-0.005388872706087788,2017-03-07,68.29,0.2249607345656639
69.2,68.61,69.36,8277,-0.017036506800286344,2017-03-06,68.66,-0.2543243243243243
70.14,69.27,70.18,11100,-0.002570327002713202,2017-03-03,69.85,-0.0707408957722897
70.21,69.72,70.77,11945,-0.007792575800510071,2017-03-02,70.03,-0.2631546480784652
69.17,69.17,71.19,16211,0.029463243873979028,2017-03-01,70.58,-0.26878664862426704
68.54,68.29,69.27,22170,0.0,2017-02-28,68.56,0.6803092314688495
69.16,67.41,69.16,13194,-0.007814761215629407,2017-02-27,68.56,-0.37519534024719425
67.99,67.27,69.29,21117,-0.00931899641577072,2017-02-24,69.1,0.6834343112244898
71.11,68.99,71.12,12544,-0.013855506857062161,2017-02-23,69.75,0.6939905469277514
70.71,70.53,71.6,7405,-0.004643962848297156,2017-02-22,70.73,-0.26574119980168565
70.94,70.41,71.24,10085,0.007086167800453458,2017-02-21,71.06,0.2328850855745721
70.57,70.18,70.8,8180,-0.0039525691699604515,2017-02-17,70.56,-0.5578378378378379
70.61,70.29,70.93,18500,0.009116809116809232,2017-02-16,70.84,0.45394530022005664
70.23,69.95,70.81,12724,0.0008554319931566301,2017-02-15,70.2,-0.03525665327166583
69.96,69.61,70.79,13189,-0.003551640858076466,2017-02-14,70.14,-0.398668672776182
71.3,70.29,71.44,21933,-0.006071731149392745,2017-02-13,70.39,0.962157809983897
71.09,70.79,71.6,11178,-0.002535211267605697,2017-02-10,70.82,-0.21552389641378344
70.37,70.28,71.22,14249,0.0032499646742971677,2017-02-09,71.0,-0.17925234721502215
70.64,70.33,71.18,17361,0.001131701796576623,2017-02-08,70.77,-0.3509663912669633
71.45,70.56,71.79,26749,-0.009666573269823453,2017-02-07,70.69,-0.3946957525287954
69.95,69.81,71.5,44191,0.02044317369549664,2017-02-06,71.38,-0.4884294363474295
65.45,65.01,70.47,86383,0.11119936457505952,2017-02-03,69.95,5.065370032298834
62.04,61.6,63.08,14242,0.011244979919678766,2017-02-02,62.95,-0.026653909240021867
62.38,61.69,62.83,14632,,2017-02-01,62.25,
