time,percentVol,open,percentChange,low,close,high,volume
2020-03-20,0.23227748793607916,12.9500,-0.06415396952686447,11.5400,11.6700,13.9600,9472225
2020-03-19,-0.15701952305157152,9.0000,0.339419978517723,8.8300,12.4700,13.3000,7686763
2020-03-18,0.182142615454143,9.2900,-0.06899999999999995,7.9000,9.3100,9.7400,9118554
2020-03-17,-0.0051871327124421995,11.3500,-0.07834101382488479,9.8000,10.0000,11.3900,7713582
2020-03-16,0.053335541309970536,12.6400,-0.2833553500660503,10.7900,10.8500,13.2979,7753802
2020-03-13,0.011462998800180868,14.7900,0.1273268801191363,12.9700,15.1400,15.2100,7361189
2020-03-12,-0.5096298070117127,15.1500,-0.18259281801582472,13.4200,13.4300,15.3300,7277764
2020-03-11,0.8433405457946581,17.7800,0.0,16.0750,16.4300,18.0100,14841367
2020-03-10,-0.9261729313986886,16.82,-0.16132422490804,15.8,15.96,17.04,611581
2020-03-09,-0.428494826210679,17.3600,-0.17813977929584868,15.6000,15.6400,18.1500,4734330
2020-03-06,0.7803033705764368,18.92,-0.04611528822055133,18.71,19.03,20.085,8283967
2020-03-05,-0.1308958581437778,21.2900,-0.10658307210031348,19.8000,19.9500,21.5000,4653121
2020-03-04,0.2597302766855707,22.5200,0.004950495049504955,21.9300,22.3300,22.9200,5353928
2020-03-03,-0.18705958368847175,23.6700,-0.06363253265908142,21.8300,22.2200,24.4300,4250059
2020-03-02,-0.28252645816873534,24.37,-0.01576109498133549,22.42,23.73,24.4,5228008
2020-02-28,0.16257071927042288,23.05,0.007943143812708886,22.89,24.11,24.26,7286691
2020-02-27,0.268990343489929,24.49,-0.05454545454545445,23.52,23.92,25.11,6267740
2020-02-26,0.11460003497825144,26.53,-0.03361344537815125,25.25,25.3,26.7299,4939155
2020-02-25,0.6552700103582196,28.2600,-0.06998223801065717,26.1100,26.1800,28.4900,4431325
2020-02-24,-0.34192647749999505,27.97,-0.037606837606837695,27.71,28.15,28.3,2677101
2020-02-21,0.4297305114690515,30.03,-0.03782894736842102,29.0,29.25,30.08,4068088
2020-02-20,-0.021880012457880738,29.5800,0.020134228187919323,29.3500,30.4000,30.5300,2845353
2020-02-19,-0.14275240236917264,29.8100,0.000671591672263272,29.5800,29.8000,30.0750,2909002
2020-02-18,-0.6847251614595944,30.6800,-0.033744321868916294,29.6200,29.7800,30.9500,3393421
2020-02-14,0.5934912961356922,30.6500,0.005874673629242766,30.0000,30.8200,31.0000,10763374
2020-02-13,0.6907692608069431,31.4200,-0.03647798742138364,30.5600,30.6400,31.5400,6754586
2020-02-12,-0.009728510432611026,32.2500,-0.002822201317027262,31.4800,31.8000,32.3100,3994978
2020-02-11,-0.1302514821443086,31.76,0.009177215189873467,31.46,31.89,32.44,4034225
2020-02-10,-0.3324857452512593,32.4900,-0.033639143730886945,31.4100,31.6000,32.5900,4638381
2020-02-07,0.2523947616953479,35.5000,-0.055732024256425094,32.4650,32.7000,35.7500,6948737
2020-02-06,1.1689556890150774,34.74,0.003768115942029082,34.31,34.63,34.81,5548360
2020-02-05,-0.08947241218645519,33.64,0.04355716878402904,33.4,34.5,34.95,2558079
2020-02-04,0.04419680256781744,32.92,0.0276655268884054,32.25,33.06,33.09,2809447
2020-02-03,-0.08675156494283653,31.98,0.009096612296110473,31.89,32.17,32.76,2690534
2020-01-31,-0.32325809445949916,32.29,-0.018472906403940836,31.38,31.88,32.71,2946114
2020-01-30,0.9252678135894472,32.58,-0.018731117824773547,31.55,32.48,33.03,4353379
2020-01-29,0.23980015648414033,34.18,-0.02589758681577381,33.065,33.1,34.25,2261181
2020-01-28,0.011373485637855119,33.84,0.013118664281454917,33.38,33.98,34.1,1823827
2020-01-27,0.0060626516778710116,33.2400,-0.027262180974477856,33.2100,33.5400,33.8800,1803317
2020-01-24,-0.05168099192967268,35.62,-0.030371203599550256,34.2,34.48,35.82,1792450
2020-01-23,-0.7104382520411889,35.4400,0.006510048117747136,34.5900,35.5600,35.7100,1890134
2020-01-22,-0.15197259318298295,35.1000,0.010005717552887372,34.8411,35.3300,35.7300,6527568
2020-01-21,2.330850203900771,35.4500,-0.017415730337078772,34.8500,34.9800,36.9700,7697355
2020-01-17,0.20910472188155316,35.4300,0.007357102433503071,34.8200,35.6000,35.6850,2310928
2020-01-16,-0.17881674494223532,34.8300,0.020207852193995457,34.7400,35.3400,35.6210,1911272
2020-01-15,-0.3494920083299957,34.77,-0.010568409025992542,34.48,34.64,35.41,2327461
2020-01-14,-0.061815732248600264,35.49,-0.015189873417721489,34.95,35.01,35.92,3577913
2020-01-13,0.40847955840526873,35.71,-0.00531617235590387,35.11,35.55,35.99,3813657
2020-01-10,-0.1351945511310555,36.4000,-0.013252346769740408,35.5700,35.7400,36.4700,2707641
2020-01-09,-0.02757516284856798,35.5700,-0.006582556226001124,35.5700,36.2200,36.5100,3130925
2020-01-08,0.06117956484409626,35.8800,0.01701534170153418,35.6100,36.4600,36.6400,3219709
2020-01-07,-0.27928921949969254,35.35,0.014718369657515051,35.22,35.85,36.25,3034085
2020-01-06,0.04054461214860283,34.81,0.0028384899233608873,34.63,35.33,35.5,4209851
2020-01-03,0.3805165606436518,36.11,-0.04162132752992387,35.22,35.23,36.26,4045815
2020-01-02,0.24634653046383104,38.03,-0.022080340516094865,36.28,36.76,38.37,2930653
2019-12-31,-0.2723455440740319,36.38,0.02761071623838185,36.35,37.59,37.735,2351395
2019-12-30,0.47614440439809425,36.7,-0.0019099590723056226,36.4,36.58,37.015,3231472
2019-12-27,0.7593491518013573,37.32,-0.014784946236559238,36.52,36.65,37.38,2189130
2019-12-26,0.5324336240680028,37.4900,-0.005613472333600433,37.1000,37.2000,37.7300,1244284
2019-12-24,-0.6528298756676998,37.66,-0.0029317697228147255,37.305,37.41,37.94,811966
2019-12-23,-0.5568215710803996,37.61,-0.0015965939329429801,37.21,37.52,37.705,2338813
2019-12-20,1.2609129657484686,38.1500,-0.004766949152542388,37.2100,37.5800,38.1600,5277362
2019-12-19,-0.3390341892781962,37.5100,0.0031880977683313994,37.2600,37.7600,37.9000,2334173
2019-12-18,0.23298252645890116,37.0300,0.019501625135427858,36.9400,37.6400,37.9000,3531458
2019-12-17,-0.5499422452706882,36.93,-0.0027012425715829957,36.182,36.92,37.04,2864159
2019-12-16,1.0901832692876146,37.8600,-0.013326226012793208,36.9800,37.0200,38.1900,6363981
2019-12-13,-0.23182403631092874,37.56,0.0032085561497328108,36.76,37.52,37.819,3044700
2019-12-12,0.3519912949599797,35.9600,0.03687274743554192,35.6600,37.4000,37.5900,3963545
2019-12-11,-0.17738948021771028,35.95,0.005856107083100914,35.5,36.07,36.28,2931635
2019-12-10,-0.4066482414151925,36.1900,-0.013751375137513788,35.8000,35.8600,36.6900,3563819
2019-12-09,0.0997217120449303,37.36,-0.02676659528907921,36.25,36.36,37.62,6006250
2019-12-06,0.13930633764181333,36.6400,0.029201101928374662,36.6300,37.3600,37.6850,5461609
2019-12-05,0.5934177230336815,36.36,-0.0019246631839427986,36.09,36.3,36.67,4793802
2019-12-04,-0.40306141784528104,37.0800,-0.014363143631436315,36.3500,36.3700,37.5700,3008503
2019-12-03,0.8335249361344208,35.0600,0.017369727047146233,34.7200,36.9000,36.9700,5039887
2019-12-02,1.1049898071865845,37.35,-0.028395392445753953,36.26,36.27,37.7,2748742
2019-11-29,-0.4984486661755454,36.7900,0.010557661072008617,36.7100,37.3300,37.9300,1305822
2019-11-27,-0.7048582601713627,36.78,0.009289617486338608,36.68,36.94,37.675,2603566
2019-11-26,1.373034421795718,36.69,-0.009740259740259716,36.04,36.6,36.7,8821409
2019-11-25,0.8873304509056497,35.87,0.03125,35.51,36.96,36.98,3717354
2019-11-22,-0.36916093788834203,35.7700,0.006458859870822842,35.3600,35.8400,35.9820,1969636
2019-11-21,-0.3789289025558765,35.9800,-0.007801616049038729,35.3000,35.6100,36.0150,3122248
2019-11-20,0.6150486246286611,36.4500,-0.02947539210383987,35.3000,35.8900,36.5050,5027199
2019-11-19,-0.3457173251519351,37.3500,-0.0018893387314440346,36.6000,36.9800,37.3590,3112723
2019-11-18,-0.2841706690259521,37.1000,-0.00483481063658342,36.4600,37.0500,37.2800,4757459
2019-11-15,0.018043633505027135,36.2400,0.03907340217694655,36.1100,37.2300,37.5000,6646080
2019-11-14,-0.35503755546231497,34.7000,0.03554913294797668,34.4400,35.8300,35.8900,6528286
2019-11-13,-0.4481891192876435,34.9,-0.018439716312056653,34.0,34.6,35.75,10121963
2019-11-12,1.9042689641359511,31.4700,0.19897959183673475,30.8700,35.2500,35.3210,18343174
2019-11-11,0.08043452526764816,29.78,-0.022606382978723416,29.165,29.4,30.17,6315935
2019-11-08,0.8371788759515122,29.42,0.018280297901150933,29.02,30.08,30.13,5845736
2019-11-07,-0.16896353050685797,29.52,0.01651754989676535,29.4,29.54,30.2,3181909
2019-11-06,-0.4787586517473119,29.48,-0.019568151147098534,28.85,29.06,29.89,3828844
2019-11-05,0.9258597988677066,29.79,0.0027063599458727605,29.47,29.64,30.3735,7345626
2019-11-04,0.3920231237078222,28.9700,0.04194571730701435,28.4800,29.5600,29.7800,3814206
2019-11-01,0.4274026595096274,27.75,0.025298156848572395,27.68,28.37,28.54,2740045
2019-10-31,-0.15132343624343847,27.74,-0.0007222824124232252,26.975,27.67,27.74,1919602
2019-10-30,0.19942888808168435,27.9600,-0.00610193826274219,27.0450,27.6900,27.9900,2261877
2019-10-29,-0.05009648663719257,27.9200,-0.008187967248130978,27.5600,27.8600,28.0950,1885795
2019-10-28,-0.150406298786667,28.4,-0.0077711056163899395,28.0,28.09,28.78,1985249
2019-10-25,-0.23396473955599728,27.36,0.03283473184968977,27.34,28.31,28.34,2336704
2019-10-24,0.2559979676001871,28.09,-0.02037169406719086,27.18,27.41,28.36,3050387
2019-10-23,0.15598211472355783,27.59,0.009015506671474993,27.0839,27.98,28.1,2428656
2019-10-22,-0.5198058329205903,27.5,0.007997091966557512,27.0503,27.73,27.87,2100946
2019-10-21,-0.26023262628347965,26.92,0.040468986384266215,26.83,27.51,27.88,4375201
2019-10-18,0.010041680514060847,27.88,-0.05232974910394261,26.44,26.44,27.99,5914293
2019-10-17,0.2610521736508633,27.98,0.0010764262648008671,27.32,27.9,28.35,5855494
2019-10-16,0.3758325725770393,29.03,-0.03896551724137931,27.85,27.87,29.08,4643340
2019-10-15,-0.39097245731667263,28.19,0.03202846975088969,28.07,29.0,29.15,3374931
2019-10-14,0.21730091507770477,27.86,0.0024973242953978403,27.2499,28.1,28.2,5541508
2019-10-11,0.5796325784638916,27.14,0.05415569763068828,27.02,28.03,28.63,4552291
2019-10-10,-0.057595600252976276,26.56,0.007578628268283483,26.4,26.59,27.06,2881867
2019-10-09,-0.3496055620105948,26.73,0.0022787694644892387,26.3,26.39,26.82,3057994
2019-10-08,-0.3867122973905076,26.44,-0.023005565862708743,26.02,26.33,26.72,4701753
2019-10-07,0.11442180317929362,27.19,-0.011734506784011778,26.95,26.95,27.92,7666472
2019-10-04,0.448548645990402,27.29,0.0011013215859030367,26.82,27.27,27.54,6879327
2019-10-03,-0.09825322909101264,27.1,0.0055370985603542255,26.53,27.24,27.36,4749117
2019-10-02,-0.20682916911399263,27.75,-0.03525641025641024,27.08,27.09,28.12,5266575
2019-10-01,0.4195913396782611,29.68,-0.048135593220339,28.05,28.08,29.74,6639900
2019-09-30,0.8830134611614273,29.83,-0.009402283411685697,29.24,29.5,30.01,4677332
2019-09-27,-0.5227364691551112,29.9,0.005741303613644,29.57,29.78,30.495,2483961
2019-09-26,0.8894540554218171,30.13,-0.042986425339366585,29.17,29.61,30.14,5204590
2019-09-25,-0.4125413927852485,30.9,0.0016186468112657781,30.21,30.94,31.22,2754547
2019-09-24,-0.38310749082473694,32.38,-0.03589263420724087,30.66,30.89,32.38,4688921
2019-09-23,-0.361666437256868,31.55,0.00691389063482073,31.47,32.04,32.13,7600872
2019-09-20,1.763692645629023,32.42,-0.012414649286157653,31.6,31.82,32.7502,11907367
2019-09-19,-0.26319725437665376,32.25,0.005931938807367976,32.0,32.22,32.93,4308499
2019-09-18,0.5464436002894246,32.04,-0.009585652442795412,31.35,32.03,32.3908,5847561
2019-09-17,-0.36634122627254306,32.95,-0.027368421052631486,31.88,32.34,32.975,3781296
2019-09-16,-0.10138326778756057,32.34,0.01681957186544336,32.34,33.25,33.885,5967401
2019-09-13,-0.7350713499697776,33.12,0.0067733990147784695,32.52,32.7,34.1,6640652
2019-09-12,7.5714515803069204,33.8,-0.10989312140312424,30.1,32.48,33.92,25065813
2019-09-11,-0.4809966201226581,36.17,0.012767138495697994,34.83,36.49,36.52,2924337
2019-09-10,0.03349048851637293,34.82,0.030606407322654405,34.79,36.03,36.08,5634524
2019-09-09,0.5348460884894763,34.41,0.024318781130969747,34.27,34.96,35.52,5451936
2019-09-06,-0.44442934257713596,34.31,0.002643948296122245,33.83,34.13,34.5,3552106
2019-09-05,1.3534107912225846,32.8,0.051266213712167996,32.8,34.04,34.25,6393617
2019-09-04,-0.23912337216773005,32.13,0.02663284717818648,31.86,32.38,32.44,2716745
2019-09-03,0.4612000224261952,32.65,-0.05057194461167969,31.33,31.54,32.71,3570546
2019-08-30,0.005219916063387675,33.2,0.007888349514562965,32.81,33.22,33.52,2443571
2019-08-29,-0.3197626245285189,32.25,0.035826524198617316,32.15,32.96,33.05,2430882
2019-08-28,-0.3099924059329108,31.57,0.0018891687657429657,31.1,31.82,32.02,3573579
2019-08-27,0.9702584368702711,33.5,-0.04595974767197353,31.505,31.76,33.68,5179043
2019-08-26,-0.2169262502882221,33.95,-0.008931229532599061,33.01,33.29,34.125,2628611
2019-08-23,0.09098100623007088,34.08,-0.026376811594202798,33.45,33.59,34.73,3356786
2019-08-22,-0.2164294958675287,34.56,0.0,34.405,34.5,35.14,3076851
2019-08-21,0.11556746492389869,34.31,0.02556480380499404,34.02,34.5,34.68,3926706
2019-08-20,-0.5275813048830441,33.37,0.0014885382554330473,33.16,33.64,34.15,3519918
2019-08-19,0.41538468552480023,32.64,0.056621579112928755,32.64,33.59,33.82,7450844
2019-08-16,-0.19935418235443436,31.0,0.03854949362953275,30.14,31.79,31.81,5264183
2019-08-15,0.09210700285695306,31.92,-0.03590551181102364,30.11,30.61,31.92,6574921
2019-08-14,-0.38958424120730184,33.1,-0.06864183044881211,31.5,31.75,33.28,6020400
2019-08-13,-0.22795567181134002,34.05,0.005011792452830344,33.54,34.09,35.25,9862786
2019-08-12,-0.3864901190968043,35.57,-0.05541631857421314,33.66,33.92,35.58,12774896
2019-08-09,4.197315959227461,38.8,-0.3047434656340755,34.61,35.91,39.875,20822641
2019-08-08,0.06045716082576713,50.13,0.03527761074363589,49.89,51.65,52.03,4006422
2019-08-07,-0.0659949502603363,48.87,0.004833836858006091,48.56,49.89,50.02,3778014
2019-08-06,0.3760799950739604,51.04,-0.02379079826976016,49.23,49.65,51.09,4044961
2019-08-05,0.28927432619136395,52.0,-0.04559954963407764,50.41,50.86,52.07,2939481
2019-08-02,0.35675856130451633,54.85,-0.03337565753673144,52.57,53.29,54.89,2279950
2019-08-01,-0.03156057245175348,55.55,-0.01147570378339613,54.72,55.13,56.66,1680439
2019-07-31,0.2221004568782825,56.8,-0.0165755598659848,55.0,55.77,56.92,1735203
2019-07-30,0.3768912395437558,55.8,0.004783841247342435,55.29,56.71,56.71,1419853
2019-07-29,-0.29632831761243406,56.64,-0.0035310734463277482,56.03,56.44,56.82,1031202
2019-07-26,-0.21461978870510734,56.67,0.0026553372278279586,56.31,56.64,56.97,1465459
2019-07-25,-0.05441302267880743,56.66,-0.0001769911504424515,56.25,56.49,57.06,1865923
2019-07-24,0.2659509631460162,56.7,-0.003878702397743239,56.4196,56.5,57.085,1973296
2019-07-23,0.2007866858125389,56.62,0.00763901225794994,56.26,56.72,56.86,1558746
2019-07-22,-0.44565269379249084,56.37,0.006436617200071604,56.185,56.29,57.01,1298104
2019-07-19,0.7176531685569301,56.81,-0.012360939431396822,55.91,55.93,57.09,2341680
2019-07-18,-0.10396442416012808,55.68,0.010888968225633677,55.58,56.63,56.775,1363302
2019-07-17,-0.1747437688756205,56.93,-0.015119549929676457,55.99,56.02,57.07,1521482
2019-07-16,-0.618191393459513,57.07,-0.0015797788309636074,56.5,56.88,57.23,1843648
2019-07-15,1.5603148058206098,56.83,0.0028164055624009254,56.1,56.97,57.06,4828723
2019-07-12,-0.1309972400001843,55.71,0.023972602739726234,55.56,56.81,57.0,1885988
2019-07-11,-0.19778084822785003,55.76,0.004162895927601662,55.09,55.48,56.19,2170290
2019-07-10,0.1959053728609168,55.78,-0.005400540054005365,55.09,55.25,56.23,2705358
2019-07-09,-0.3440893543226997,54.61,0.010367406329574447,54.3802,55.55,55.55,2262184
2019-07-08,0.6855660630941036,55.87,-0.026213248317392912,54.84,54.98,56.61,3448921
2019-07-05,0.25431330155073506,55.45,0.013644524236983813,55.04,56.46,56.48,2046150
2019-07-03,-0.16625046254367337,56.05,-0.004824012864034222,55.43,55.7,56.19,1631291
2019-07-02,-0.34573706452905173,55.95,0.0005362888809439248,55.17,55.97,55.97,1956572
2019-07-01,0.0407089562627021,56.01,0.014324569356300998,54.98,55.94,56.49,2990498
2019-06-28,0.2931225350515445,54.06,0.025092936802973975,54.06,55.15,55.15,2873520
2019-06-27,-0.24012618080786496,53.74,0.0033569563595672314,53.68,53.8,54.285,2222156
2019-06-26,0.19808224902494187,54.22,-0.007220885021292367,53.23,53.62,54.65,2924375
2019-06-25,-0.14844745372922297,54.05,0.0012977382276604388,53.74,54.01,54.35,2440880
2019-06-24,-0.39584029326233905,54.38,-0.009184423218221882,53.77,53.94,54.65,2866388
2019-06-21,0.21896551281161925,54.15,0.0005513692335967768,53.75,54.44,54.65,4744421
2019-06-20,-0.15733029997038228,54.06,0.024477499529278912,53.61,54.41,54.86,3892170
2019-06-19,0.12445327567175934,53.47,-0.003377744417339068,52.61,53.11,53.85,4618856
2019-06-18,0.13102550836516103,52.41,0.02678227360308294,52.19,53.29,54.34,4107646
2019-06-17,0.012029133196288955,51.74,0.0034802784222738303,51.74,51.9,52.47,3631789
2019-06-14,0.182686137843461,51.05,0.005443234836703059,50.91,51.72,52.17,3588621
2019-06-13,0.7205726666662886,50.63,0.025109605420486236,50.63,51.44,51.78,3034297
2019-06-12,-0.3490737008706385,50.4,-0.010841711019120792,49.9,50.18,50.81,1763539
2019-06-11,-0.04458434307671044,50.72,0.009150586831111918,50.2,50.73,51.04,2709276
2019-06-10,-0.3894740014941793,49.55,0.022163481089874093,49.55,50.27,50.63,2835704
2019-06-07,1.3407491401141476,48.54,0.01716649431230599,48.42,49.18,49.72,4644690
2019-06-06,-0.11136613000738937,48.08,0.01066053511705678,47.69,48.35,48.48,1984275
2019-06-05,-0.4396359183099864,48.75,-0.010957204879057159,47.62,47.84,49.1,2232950
2019-06-04,0.20046285431446553,47.24,0.037092624356775294,46.7,48.37,48.4,3984820
2019-06-03,-0.17638749700084133,47.47,-0.018931426167437926,46.46,46.64,47.86,3319403
2019-05-31,0.11469104313564094,48.55,-0.03726204941271771,47.3444,47.54,48.56,4030297
2019-05-30,-0.371497348485046,49.87,-0.006438631790744442,49.23,49.38,50.305,3615618
2019-05-29,0.1854440570867837,51.13,-0.03326201128185169,49.37,49.7,51.13,5752749
2019-05-28,-0.3963641203484872,53.0,-0.031461944235116834,50.955,51.41,53.09,4852822
2019-05-24,1.2453510459221508,53.11,0.021161985378991943,52.26300000000001,53.08,54.59,8039320
2019-05-23,0.13033934530255054,53.68,-0.042725598526703545,51.76,51.98,53.7,3580429
2019-05-22,-0.2687503953393131,54.89,-0.01701665459811741,54.3,54.3,55.405,3167570
2019-05-21,0.18910248843625177,55.17,0.010611050128064514,54.79,55.24,55.45,4331722
2019-05-20,0.8000511921444764,55.45,-0.02964672465826379,54.43,54.66,55.75,3642850
2019-05-17,0.01102675957547583,56.9,-0.02306625043357613,56.26,56.33,58.21,2023748
2019-05-16,0.14655479551705852,57.5,0.00470465237846307,57.19,57.66,57.98,2001676
2019-05-15,0.01119379643809526,56.76,0.006842105263157983,56.61,57.39,57.69,1745818
2019-05-14,-0.4165587247431951,56.07,0.018220793140407254,56.02,57.0,57.6,1726492
2019-05-13,0.47311468244545307,57.61,-0.05166864306284946,55.965,55.98,57.99,2959153
2019-05-10,-0.23694521756736175,59.05,-0.00689771197846567,58.08,59.03,59.5,2008773
2019-05-09,1.7819806548358157,59.52,-0.014262023217247122,58.38,59.44,59.9,2632541
2019-05-08,-0.3662382352133551,60.5,-0.00936421882700833,60.07,60.3,60.8,946283
2019-05-07,-0.10068716869512628,61.85,-0.025768245838668324,60.34,60.87,62.0099,1493121
2019-05-06,-0.011316653714802949,61.8,-0.008411363275670491,60.83,62.48,62.66,1660291
2019-05-03,0.3024141228552526,64.31,-0.02325220895985125,62.58,63.01,64.5,1679295
2019-05-02,0.32238296842373004,65.98,-0.020200486026731412,64.36,64.51,66.34,1289371
2019-05-01,-0.11007142896259148,66.0,0.0015211439002131844,65.68,65.84,67.09,975036
2019-04-30,0.33579204426167353,65.75,0.003664122137404524,64.78,65.74,65.86,1095634
2019-04-29,-0.008873115535383724,65.0,0.007692307692307665,64.92,65.5,65.84,820213
2019-04-26,0.10325207370691603,64.34,0.010258004351880512,64.34,65.0,65.33,827556
2019-04-25,-0.14389638729676124,64.86,-0.008934072704867457,63.66,64.34,64.86,750106
2019-04-24,-0.3057938851522928,65.92,-0.01427269966595801,64.51,64.92,65.92,876186
2019-04-23,0.4900642001893658,64.79,0.01934685033276584,64.52,65.86,66.3593,1262141
2019-04-22,-0.4130813923274401,64.22,0.0004645401052958409,64.045,64.61,64.64,847038
2019-04-18,0.07584061521121055,65.14,-0.009509202453987786,63.91,64.58,65.2,1443195
2019-04-17,0.2820577025265403,66.23,-0.01197151083497483,65.126,65.2,66.23,1341458
2019-04-16,-9.365174928088749e-05,65.89,0.003650190114068419,65.73,65.99,66.35,1046332
2019-04-15,-0.3230907164398077,66.68,-0.0034859048196423936,65.27,65.75,66.68,1046430
2019-04-12,0.4055587933914204,64.92,0.021836766300139532,64.76,65.98,66.05,1545894
2019-04-11,-0.46077906975033944,64.86,0.0026397515527949444,64.45,64.57,65.15,1099843
2019-04-10,0.12780286538781604,63.89,0.012578616352201255,63.51,64.4,64.41,2039689
2019-04-09,0.6454117188949986,64.56,-0.016089108910891103,63.49,63.6,64.56,1808551
2019-04-08,-0.1512278897223599,65.26,-0.012375859434683001,64.51,64.64,65.56,1099148
2019-04-05,0.2638645981355112,64.74,0.01127935723114959,64.74,65.45,65.56,1294986
2019-04-04,-0.39334351311362137,65.56,-0.008730280287946202,64.69,64.72,65.76,1024624
2019-04-03,-0.31373159302114384,64.67,0.017136625642623526,64.58,65.29,65.8,1688969
2019-04-02,0.5549304192786553,65.63,-0.02209018890920178,64.145,64.19,65.73,2461091
2019-04-01,-0.3766701546267719,64.54,0.020681076037941226,64.4,65.64,66.1033,1582766
2019-03-29,2.016872408426105,64.73,0.0,64.13,64.31,65.17,2539211
2019-03-28,-0.36137650765131146,64.26,0.006416275430360052,63.85,64.31,64.7,841670
2019-03-27,0.211791099668996,64.85,-0.01434521055067095,63.88,63.9,65.03,1317944
2019-03-26,0.10685484691696767,64.88,0.006364483079788874,64.33,64.83,65.5,1087600
2019-03-25,-0.17283725096197478,64.28,0.0012433944668945873,63.47,64.42,64.76,982604
2019-03-22,0.17600803856929303,65.84,-0.03451380552220884,64.32,64.34,66.5,1187921
2019-03-21,-0.40671256515043486,65.26,0.017870780510157447,65.26,66.64,66.89,1010130
2019-03-20,0.36972364952217296,66.22,-0.01385750866094293,64.82,65.47,66.34,1702598
2019-03-19,0.08761575937449684,66.5,0.004387291981845731,66.23,66.39,66.82,1243023
2019-03-18,-0.7808062173514538,66.06,0.005323193916349833,65.38,66.1,66.42,1142888
2019-03-15,2.991683694053646,65.3,0.006582976117575079,64.96,65.75,66.06,5214053
2019-03-14,-0.3590274431445135,65.39,-0.0029003205617464944,65.02199999999999,65.32,65.535,1306229
2019-03-13,0.03111009917020846,65.25,0.006143449546920587,64.5,65.51,66.02,2037886
2019-03-12,0.026085647312910965,65.68,-0.005042787286063555,64.98,65.11,66.1,1976400
2019-03-11,0.19054697708226964,64.64,0.019473438230253937,64.3,65.44,65.48,1926155
2019-03-08,-0.3129051807501638,63.62,-0.0029512270891580705,63.16,64.19,64.28,1617874
2019-03-07,-0.18757909743700152,64.03,0.0018674136321192858,63.33,64.38,64.43,2354659
2019-03-06,0.5714541320069098,65.09,-0.012751574742663974,64.2044,64.26,65.24,2898324
2019-03-05,0.3174503284057588,66.0,-0.013937282229965153,65.09,65.09,66.04,1844358
2019-03-04,-0.23400316916282016,67.41,-0.018730489073881196,65.78,66.01,67.62,1399945
2019-03-01,-0.05426406330531397,66.47,0.021409049498937183,66.25,67.27,67.6,1827612
2019-02-28,0.7620793980497893,66.97,-0.015986851934857382,65.82,65.86,66.97,1932476
2019-02-27,-0.5792829755116055,67.03,-0.0037213456385829513,66.44,66.93,67.21,1096702
2019-02-26,0.8881397722276507,66.86,0.0037352457791721694,66.46,67.18,67.28,2606745
2019-02-25,-0.2714781365184652,67.42,0.003899805009749624,66.79,66.93,67.83,1380589
2019-02-22,0.26947192840252154,66.44,0.008470730600514287,66.09,66.67,66.67,1895055
2019-02-21,-0.306360449642026,66.6,-0.004966887417218513,65.88,66.11,66.74,1492790
2019-02-20,-0.2931542663080071,66.02,0.009266291964149964,65.52,66.44,67.23,2152112
2019-02-19,-0.17539100046881873,65.21,0.005652306752215175,64.812,65.83,66.15,3044670
2019-02-15,-0.4279298758158826,65.96,0.002603767805176682,63.85,65.46,65.99,3692259
2019-02-14,3.3682852627553697,67.07,-0.028422619047619002,65.28,65.29,67.47,6454207
2019-02-13,-0.5605519114533732,67.33,0.0022371364653244186,67.07,67.2,67.82,1477515
2019-02-12,-0.04045345357086694,67.56,-0.002825698988697223,66.35,67.05,67.585,3362206
2019-02-11,-0.3328271713587089,68.89,-0.0284640947839907,67.14,67.24,69.4534,3503953
2019-02-08,1.5748221578346153,66.0,0.07119640922457826,65.94,69.21,69.37,5251942
2019-02-07,0.10465021819729725,65.16,-0.013437165979538812,63.49,64.61,65.24,2039730
2019-02-06,0.2123468721808659,64.75,0.012053778395920256,64.56,65.49,65.74,1846494
2019-02-05,0.36656414195067333,64.95,-0.000772081531809965,64.61,64.71,65.26,1523074
2019-02-04,-0.48260443282429144,64.9,-0.005222734254992201,64.02,64.76,64.9,1114528
2019-02-01,0.40442272360389775,64.38,0.015283842794759694,64.37,65.1,65.485,2154112
2019-01-31,-0.3510841734203628,64.03,-0.0009348706762231096,63.75,64.12,64.42,1533806
2019-01-30,1.4565967061679843,62.62,0.02753762407941096,62.18,64.18,64.23,2363644
2019-01-29,-0.2894621794625635,62.99,-0.007310870947234593,62.3379,62.46,63.25,962162
2019-01-28,-0.2867921944539541,62.36,-0.006630880959898944,62.25,62.92,62.94,1354132
2019-01-25,-0.5568992351543799,62.95,0.019639407598197156,62.54,63.34,63.59,1898650
2019-01-24,2.0177214458863117,62.23,0.0016123831022250013,61.73,62.12,63.28,4284917
2019-01-23,-0.04078195647195437,62.22,0.003235198964736341,61.01,62.02,63.03,1419918
2019-01-22,-0.4907005500743846,62.41,-0.012775471095496593,61.265,61.82,62.61,1480287
2019-01-18,2.175982210663767,62.5,0.010978366160800723,62.04,62.62,63.12,2906516
2019-01-17,-0.502752329468861,61.16,0.010275648344478805,60.78,61.94,62.2,915155
2019-01-16,0.010865296576679118,60.79,0.009883050568275431,60.11,61.31,61.6,1840441
2019-01-15,-0.15824024929262293,60.45,0.008136831617402862,59.89,60.71,60.82,1820659
2019-01-14,0.24427743523247503,60.26,-0.014079895219384353,59.56,60.22,60.6425,2162920
2019-01-11,-0.23347126753060743,60.18,0.00742206828302816,59.85,61.08,61.1,1738294
2019-01-10,-0.405370510022246,58.78,0.02432843385707062,58.49,60.63,60.75,2267748
2019-01-09,0.29084138392292,59.31,0.0005070993914808586,58.64,59.19,59.98,3813716
2019-01-08,-0.635842301152065,57.96,0.0313807531380752,57.1,59.16,59.89,2954442
2019-01-07,1.256071628489777,54.5,0.0006978367062107083,54.33,57.36,58.03,8113084
2019-01-04,0.015692185851245766,55.57,0.047706086638640066,55.35,57.32,57.47,3596111
2019-01-03,0.41753911137357735,54.11,0.004037438062029608,53.9,54.71,55.77,3540552
2019-01-02,0.4160592259645395,52.28,0.024826029716005227,52.12,54.49,55.02,2497675
2018-12-31,-0.18541984461368866,53.11,0.00415486307837587,52.28,53.17,53.5,1763821
2018-12-28,-0.17298752785750704,53.44,-0.009169161676646609,52.18,52.95,53.76,2165313
2018-12-27,-0.17532892540325884,51.48,0.025129483982351708,51.43,53.44,53.44,2618235
2018-12-26,1.2701514585987899,50.4,0.04197481511093337,49.19,52.13,52.16,3174884
2018-12-24,-0.7110278274366674,50.33,-0.008914421553090301,49.55,50.03,51.06,1398534
2018-12-21,0.5904636931598037,52.59,-0.042851725445582245,50.43,50.48,53.02,4839684
2018-12-20,0.04139196821894098,53.74,-0.02459774366561862,51.77,52.74,54.22,3042939
2018-12-19,0.03503067730226772,55.27,-0.020115984052192837,53.63,54.07,56.53,2921992
2018-12-18,0.013127135729968264,55.92,-0.005586592178770999,54.78,55.18,56.44,2823097
2018-12-17,0.5239473947586173,56.41,-0.02237491190979557,54.96,55.49,57.39,2786518
2018-12-14,-0.35909170889762987,57.51,-0.022727272727272707,56.45,56.76,58.17,1828487
2018-12-13,0.0033438205787750253,58.28,-0.001203783319002616,57.46,58.08,58.595,2852962
2018-12-12,0.03698411621703834,59.01,-0.0032567706547823594,58.04,58.15,59.49,2843454
2018-12-11,0.30091223768659403,59.77,-0.00883452259599038,57.83,58.34,59.87,2742042
2018-12-10,-0.45800580209218855,58.97,-0.0011878499915153329,57.77,58.86,59.46,2107784
2018-12-07,-0.05437394439178733,60.54,-0.026272306675479196,58.6108,58.93,60.95,3888942
2018-12-06,0.5304944627584314,60.62,-0.024343059809769474,59.23,60.52,60.87,4112558
2018-12-04,0.1045080046760396,62.99,-0.02314960629921259,61.735,62.03,64.02,2687078
2018-12-03,-0.18302808056792463,63.96,0.007296954314720772,63.09,63.5,64.48,2432828
2018-11-30,0.4916447935242141,62.21,0.011715615471031837,62.12,63.04,63.35,2977860
2018-11-29,-0.5483527235912605,62.12,-0.0008017960230917165,61.98,62.31,63.04,1996360
2018-11-28,0.531478077689985,60.92,0.029382634532849172,60.8,62.36,62.51,4420175
2018-11-27,-0.08477503822666332,59.13,0.016272437510484794,59.13,60.58,61.03,2886215
2018-11-26,2.10340694378838,59.55,0.02829049508366399,59.01,59.61,60.24,3153558
2018-11-23,-0.7457403832560374,57.59,-0.003780718336483968,57.59,57.97,58.86,1016160
2018-11-21,-0.3629978689797083,58.25,0.006921612735767413,58.11,58.19,59.61,3996545
2018-11-20,0.437027780214565,58.2,-0.027431841130932333,57.7,57.79,59.55,6273990
2018-11-19,0.23993999597284588,62.44,-0.052161429255064506,59.13,59.42,62.7,4365949
2018-11-16,-0.09755840015172701,61.92,0.00674482094106299,61.51,62.69,63.19,3521097
2018-11-15,0.08582804391239773,61.42,0.009892961401232636,61.24,62.27,62.5,3901745
2018-11-14,-0.15438939821593556,62.57,-0.006125080593165744,61.21,61.66,63.26,3593336
2018-11-13,-0.020474973278229336,62.0,0.0004837929366230398,61.43,62.04,63.02,4249398
2018-11-12,-0.15297222543838462,61.67,0.0001612903225807205,61.4,62.01,62.82,4338223
2018-11-09,-0.07671916563132519,62.54,-0.019917799557382154,61.92,62.0,63.72,5121701
2018-11-08,-0.5444814831389999,63.62,0.0007910140800506671,62.64,63.26,66.58,5547284
2018-11-07,1.1331328178739604,65.85,-0.12463647694225166,60.05,63.21,66.0,12177955
2018-11-06,0.8635552317401747,72.02,0.005570254839158739,71.47,72.21,73.48,5708953
2018-11-05,-0.05598007110331549,70.82,0.016706781820756245,70.38,71.81,71.88,3063474
2018-11-02,-0.3323450262318691,71.6,-0.013271863649064075,69.46,70.63,72.46,3245137
2018-11-01,0.9050847989088044,73.5,-0.017163256899629276,70.68,71.58,73.63,4860500
2018-10-31,0.33949670629335027,72.33,0.02490852800450316,71.83,72.83,74.09,2551330
2018-10-30,-0.4223124631683792,69.42,0.021857923497267784,69.04,71.06,71.58,1904693
2018-10-29,0.49282474075569893,74.29,-0.04896061269146601,68.59,69.54,74.9,3297099
2018-10-26,-0.3623341257609817,74.28,-0.0371345799315248,72.53,73.12,74.71,2208631
2018-10-25,-0.802366725476278,74.41,0.036723549488054674,74.275,75.94,77.68,3463618
2018-10-24,11.663202716245811,86.86,-0.16343079031521246,69.51,73.25,87.2,17525480
2018-10-23,-0.37727021363619795,87.28,-0.012518326378707534,86.2224,87.56,88.36,1383969
2018-10-22,1.1493930716060414,88.74,0.004190260475651186,87.885,88.67,89.1,2222423
2018-10-19,0.3040676717712256,88.53,-0.0012442031444406254,88.21,88.3,89.81,1033977
2018-10-18,-0.2989216164788603,89.14,-0.011847546663686148,87.53,88.41,89.96,792886
2018-10-17,-0.29470092740474474,90.01,-0.006551188096824423,88.23,89.47,90.31,1130952
2018-10-16,0.23545886290511464,88.48,0.03031689738016241,88.3664,90.06,90.35,1603507
2018-10-15,-0.3795454762747029,87.36,-0.0028519279032626077,87.15,87.41,87.99,1297904
2018-10-12,-0.2708939292280613,87.45,0.02084546407359955,86.9,87.66,88.125,2091860
2018-10-11,0.49747643454387935,86.62,-0.011852704257767521,85.49,85.87,88.84,2869075
2018-10-10,0.6346788002993022,89.45,-0.030674846625766916,86.86,86.9,89.83,1915940
2018-10-09,0.2535336747222472,89.71,-0.004773534635879151,89.115,89.65,90.39,1172059
2018-10-08,-0.19934440716630786,90.48,-0.010001099021870519,89.36,90.08,91.16,935004
2018-10-05,-0.0009384931922884476,92.52,-0.020665159832095603,90.09,90.99,92.95,1167798
2018-10-04,0.36351971332018285,93.19,-0.008113590263691739,92.26,92.91,93.72,1168895
2018-10-03,-0.1384395364076011,93.89,0.002568768061650406,93.28,93.67,94.0,857263
2018-10-02,-0.14951441705258584,93.83,-0.004899350303546601,93.13,93.43,94.12,995012
2018-10-01,-0.1893304323122016,94.1,0.003956372968349164,93.66,93.89,94.6519,1169934
2018-09-28,0.7872516966364491,93.44,-0.0022404779686333587,93.43,93.52,94.33,1443170
2018-09-27,-0.15347487514100366,94.23,-0.005411714770797826,93.58,93.73,94.6299,807480
2018-09-26,-0.37695762957079604,94.96,-0.006326444538169662,94.1,94.24,95.1599,953876
2018-09-25,-0.1858365054396438,94.66,0.005299978800084704,94.37,94.84,95.28,1530997
2018-09-24,-0.5635174782972007,95.92,-0.021166217057480674,94.31,94.34,96.26,1880454
2018-09-21,1.1003847601440753,95.22,0.01645222526893053,95.14,96.38,96.75,4308200
2018-09-20,0.8573872223515127,93.8,0.016073724817831092,93.5399,94.82,95.04,2051148
2018-09-19,-0.446488270845676,92.99,0.00506192784060322,92.81,93.32,93.47,1104319
2018-09-18,0.11634004628489825,92.74,0.001186111710157478,92.73,92.85,93.45,1995114
2018-09-17,0.6529937059800126,92.69,0.00302833657797974,92.52,92.74,93.19,1787192
2018-09-14,-0.18376491016155816,92.73,-0.0008644910309056897,92.28,92.46,93.16,1081185
2018-09-13,-0.3559209950500345,91.81,0.012251148545176171,91.39,92.54,92.76,1324600
2018-09-12,0.8686396941238044,90.0,0.015326521545979466,89.23,91.42,91.55,2056580
2018-09-11,-0.12877350387769948,89.77,0.003007686309457691,89.49,90.04,90.49,1100576
2018-09-10,-0.49301579287657027,90.51,-0.004767184035476824,89.66,89.77,90.83,1263249
2018-09-07,0.8007582617795448,90.56,-0.0069360343498843235,90.12,90.2,91.36,2491693
2018-09-06,-0.2603774734646599,89.85,0.008437881647607393,89.85,90.83,91.09,1383691
2018-09-05,0.5895571212028521,90.45,-0.007055451438650606,89.12,90.07,90.55,1870807
2018-09-04,-0.08914553800218705,90.4,-0.004171698320342587,89.8,90.71,90.76,1176936
2018-08-31,-0.0754661224933707,90.41,0.004742995808515449,90.06,91.09,91.29,1292123
2018-08-30,0.4958008016310891,90.99,-0.005266622778143604,90.1,90.66,91.43,1397594
2018-08-29,-0.3087901413941748,90.24,0.011992005329780175,90.16,91.14,91.18,934345
2018-08-28,0.07135056050115396,89.89,0.0032304778879359564,89.41,90.06,90.2,1351753
2018-08-27,-0.193657793073037,90.22,0.0014502454261489106,89.65,89.77,90.72,1261728
2018-08-24,-0.28343997171777857,88.93,0.01162397020652306,88.83,89.64,90.3899,1564755
2018-08-23,0.5781047312702936,88.52,0.0020355083116587736,88.23,88.61,89.14,2183704
2018-08-22,-0.2819419492972247,87.88,0.002607709750567011,87.42,88.43,88.49,1383751
2018-08-21,0.6685042308421596,87.57,0.0059306569343065,87.57,88.2,88.64,1927074
2018-08-20,-0.3747108303344867,87.38,0.003548128648277471,86.6,87.68,87.85,1154971
2018-08-17,0.28740757055444766,86.5,0.007146974063400702,86.5,87.37,88.14,1847099
2018-08-16,-0.2538246387032218,87.44,0.002658344891354636,86.52,86.75,87.69,1434743
2018-08-15,-0.13713086890671455,86.21,-0.00046210720887251977,85.46,86.52,86.59,1922796
2018-08-14,-0.12487275874744341,84.77,0.02328880482326512,84.29,86.56,86.63,2228375
2018-08-13,0.48281713499732715,86.02,-0.017537746806039367,84.51,84.59,86.37,2546344
2018-08-10,-0.0586733323466373,86.52,-0.013180515759312339,85.0,86.1,86.95,1717234
2018-08-09,-0.4676427828123094,88.9,-0.019552758736936626,87.1,87.25,89.07,1824270
2018-08-08,0.8145636239823859,89.3,0.021933853927422975,87.11,88.99,90.04,3426778
2018-08-07,0.6119716133834328,87.24,0.0020713463751438344,86.96,87.08,87.61,1888486
2018-08-06,-0.2529852521180672,86.2,0.0057870370370369795,85.89,86.9,87.1,1171538
2018-08-03,-0.15661996856199922,86.51,0.0034843205574914826,85.53,86.4,86.88,1568293
2018-08-02,0.25715473647205167,84.95,0.0024449877750609694,84.07,86.1,86.6,1859533
2018-08-01,-0.2751663776303004,84.37,0.013570922822752074,84.37,85.89,85.91,1479160
2018-07-31,0.20292435924642183,84.88,0.0027215714116670675,84.47,84.74,85.38,2040689
2018-07-30,0.19789349704064296,85.93,-0.0158378944916735,84.19,84.51,85.99,1696440
2018-07-27,-0.13380682269959887,87.23,-0.014913387633360031,85.12,85.87,87.59,1416186
2018-07-26,0.0843006097455834,88.22,-0.012126019945602806,87.11,87.17,88.53,1634954
2018-07-25,-0.1526478315233426,86.98,0.014952841039797438,86.765,88.24,88.24,1507842
2018-07-24,0.40733819140068306,88.29,-0.008552856654122531,86.56,86.94,88.29,1779475
2018-07-23,-0.29586762316215987,87.02,0.0074678308823528106,86.65,87.69,88.0,1264426
2018-07-20,0.164644329619428,87.03,-0.0014913387633359587,86.81,87.04,87.56,1795722
2018-07-19,-0.11591286094114905,87.05,0.0008036739380024027,86.94,87.17,87.86,1541863
2018-07-18,0.31860078465054764,86.4,0.006470996071180846,85.61,87.1,87.2,1744017
2018-07-17,0.15150726315835294,85.59,0.009566028931404569,85.05,86.54,86.59,1322627
2018-07-16,-0.4749867901656669,86.36,-0.0049912942542078564,85.64,85.72,86.36,1148605
2018-07-13,-0.17430279937016813,85.52,0.005955161139654441,84.87,86.15,86.35,2187764
2018-07-12,0.9587664838698708,84.5,0.018917311124330816,84.09,85.64,85.7,2649596
2018-07-11,-0.5569040417242366,84.13,-0.011060124720555287,83.91,84.05,84.86,1352686
2018-07-10,0.8529963939236309,84.56,0.009142721443837543,84.38,84.99,85.26,3052806
2018-07-09,-0.3080668423347106,83.54,0.008019150209455539,83.29,84.22,84.62,1647497
2018-07-06,-0.04491725578663963,83.17,0.0042067307692306155,82.76,83.55,84.14,2381006
2018-07-05,0.5434569819743127,82.36,0.014634146341463428,81.96,83.2,83.53,2492984
2018-07-03,-0.3455110313662946,82.42,0.0,81.8,82.0,83.21,1615195
2018-07-02,0.006810192156509132,79.665,0.01724351817392389,79.665,82.0,82.06,2467872
2018-06-29,-0.045407033485034165,80.15,0.007876969242310627,79.9052,80.61,81.36,2451179
2018-06-28,-0.25330683618791217,78.62,0.017427808166899927,78.61,79.98,80.65,2567774
2018-06-27,0.17040036866208874,78.67,0.0014012738853503848,77.955,78.61,79.7604,3438861
2018-06-26,0.09254045909729625,78.87,-0.0041862235189648045,78.05,78.5,79.68,2938192
2018-06-25,-0.5678478273165991,80.69,-0.02498453927025346,78.47,78.83,80.85,2689321
2018-06-22,1.7562069141150078,81.81,-0.002836704489393216,80.21,80.85,81.95,6223088
2018-06-21,0.034365937796347,82.15,-0.015063168124392567,80.88,81.08,82.64,2257845
2018-06-20,0.06317132223905819,83.61,-0.008909222248976723,82.15,82.32,83.74,2182830
2018-06-19,0.11804750064530034,82.59,-0.007053197848176929,82.5,83.06,83.435,2053131
2018-06-18,-0.31566682976692806,82.78,-0.0025041736227043865,81.56,83.65,83.72,1836354
2018-06-15,0.6088842282734279,84.45,-0.006986382474837183,83.45,83.86,84.46,2683421
2018-06-14,-0.4031937927577164,84.51,-0.00035511363636364646,84.09,84.45,85.28299999999999,1667877
2018-06-13,-0.0036258739800223427,84.73,-0.0024796315975911254,84.32,84.48,85.64,2794671
2018-06-12,0.040403706940423945,85.19,-0.002473498233215632,84.24,84.69,85.84,2804841
2018-06-11,0.7214090964236228,85.5,-0.007481879822305415,84.81,84.9,85.73,2695916
2018-06-08,-0.3797075641448626,84.39,0.013507109004739393,84.17,85.54,85.82,1566110
2018-06-07,0.2514767397076807,85.0,-0.004129793510324387,83.73,84.4,85.44,2524793
2018-06-06,0.005666263227262602,83.77,0.009649749821300846,83.77,84.75,85.15,2017451
2018-06-05,-0.4584940664933884,83.87,-0.00415233123739478,83.55,83.94,84.73,2006084
2018-06-04,-0.055116437321972245,83.23,0.010671462829736189,83.18,84.29,84.92,3704639
2018-06-01,-0.014604241835065701,80.83,-0.09456085115622614,80.05,83.4,83.4,3920736
2018-05-31,-0.3531481412237506,92.71,-0.006042948095392298,91.47,92.11,92.99,3978844
2018-05-30,0.03596450319820521,92.14,0.029781086787420863,91.82,92.67,95.56,6151090
2018-05-29,-0.02450056484031682,92.89,-0.04479354633266108,88.14,89.99,93.37,5937549
2018-05-25,1.318512903532997,99.5,-0.055065195586760374,93.72,94.21,99.5,6086676
2018-05-24,0.5449981255807903,100.41,-0.0037969624300558946,98.9,99.7,100.87,2625250
2018-05-23,-0.28287753327762444,98.81,0.0069423483247812445,98.6,100.08,100.2,1699193
2018-05-22,-0.12924731080056584,101.0,-0.015648212340299117,99.32,99.39,101.12,2369460
2018-05-21,0.5728984047106671,100.6,0.007383019056170781,100.59,100.97,101.81,2721163
2018-05-18,0.9210720055965489,99.87,0.003202882594334877,99.42,100.23,100.92,1730031
2018-05-17,-0.3319032509583134,100.85,-0.008435887256848074,99.59,99.91,100.9,900555
2018-05-16,-0.2815188758796182,100.94,-0.0010905125408942062,100.45,100.76,101.56,1347941
2018-05-15,-0.2119516660933033,102.3,-0.016669916162994625,100.18,100.87,102.495,1876098
2018-05-14,1.089557256169651,105.02,-0.019311663479923524,102.519,102.58,105.02,2380689
2018-05-11,-0.29562690687200344,104.3,0.0031648604584251228,103.77,104.6,104.9,1139327
2018-05-10,0.16642761284386065,103.68,0.008023975251353344,103.31,104.27,104.64,1617505
2018-05-09,-0.3600232413892407,102.9,0.006911320938382204,102.04,103.44,103.52,1386717
2018-05-08,0.5333377678959368,100.94,0.01351617995264398,100.55,102.73,103.0,2166824
2018-05-07,0.4549649680053127,101.94,-0.006371924321145084,101.04,101.36,102.35,1413142
2018-05-04,-0.3814040670124629,100.85,0.007904357276949048,100.35,102.01,102.3,971255
2018-05-03,1.0288964382768615,101.24,-0.004524441821579739,99.35,101.21,101.63,1570096
2018-05-02,-0.022229775061563317,102.7,-0.010799766491535356,101.54,101.67,103.21,773867
2018-05-01,-0.5934572934478934,103.16,-0.002716863962740179,101.93,102.78,103.73,791461
2018-04-30,0.11668206772219825,103.87,-0.004058755315036744,103.06,103.06,104.29,1946809
2018-04-27,0.3932984673123061,103.61,-0.0012547051442910462,101.99,103.48,103.99,1743387
2018-04-26,0.12088168030220636,102.33,0.01758004321351403,102.14,103.61,103.74,1251266
2018-04-25,0.05788139994162478,102.68,-0.011456310679611725,101.15,101.82,102.818,1116323
2018-04-24,0.046982262962959265,104.22,-0.009615384615384581,101.72,103.0,104.795,1055244
2018-04-23,-0.4274202207283798,103.98,0.004733842140855815,103.37,104.0,104.2448,1007891
2018-04-20,0.7846194867552354,104.2,-0.005285412262156397,102.98,103.51,104.57,1760263
2018-04-19,0.09236250391770118,103.87,-0.004115226337448541,103.25,104.06,104.94,986352
2018-04-18,-0.5890493940097304,104.31,0.0017256255392579245,102.94,104.49,104.8,902953
2018-04-17,1.4719835563360872,104.79,0.0028843380444187883,104.18,104.31,104.99,2197230
2018-04-16,-0.5316015710015003,104.03,0.009022118742724183,103.315,104.01,104.25,888853
2018-04-13,-0.1900493915264423,104.51,-0.008846153846153837,102.741,103.08,104.56,1897643
2018-04-12,0.36627045473497843,103.25,0.014832162373145996,102.78,104.0,104.6261,2342912
2018-04-11,-0.16363764945728376,101.64,-0.0004876621476640475,101.54,102.48,103.185,1714823
2018-04-10,0.11481234792773942,101.57,0.024890043982406906,101.09,102.53,102.76,2050335
2018-04-09,0.19671886874954447,100.01,0.002806736166800272,99.82,100.04,101.505,1839175
2018-04-06,-0.2334601549391595,101.33,-0.023205718202291115,99.04,99.76,102.11,1536848
2018-04-05,0.4379661931100962,102.2,0.006603587620737317,100.97,102.13,103.11,2004916
2018-04-04,0.17027641337447252,98.49,0.013282732447817747,98.335,101.46,101.71,1394272
2018-04-03,-0.47084129467121116,99.61,0.006533976678729347,98.74,100.13,100.27,1191404
2018-04-02,-0.4604419834689354,100.64,-0.010444643390032815,98.67,99.48,102.0,2251506
2018-03-29,1.0815532169296915,101.07,-0.0006958250497016705,99.99,100.53,101.7772,4172871
2018-03-28,0.14695141382835875,102.15,-0.013435324114935865,100.1901,100.6,102.69,2004691
2018-03-27,-0.1340851813704581,104.58,-0.018953242255147162,101.3602,101.97,104.79,1747843
2018-03-26,0.315090528839576,102.91,0.025049309664694208,102.18,103.94,104.28,2018493
2018-03-23,-0.2620267375693862,103.08,-0.01591614906832295,101.19,101.4,104.4,1534870
2018-03-22,-0.28842492409015097,105.4,-0.03139687911261502,102.8,103.04,105.68,2079845
2018-03-21,0.5686087728854674,107.07,-0.008666480290746459,106.13,106.38,107.4094,2922875
2018-03-20,0.05019813570393539,105.8,0.014751773049645367,105.75,107.31,107.85,1863355
2018-03-19,-0.1541882077574146,104.18,0.011864893311644753,103.8825,105.75,105.86,1774289
2018-03-16,0.32130133759293744,104.5,0.0006702412868633267,104.14,104.51,105.62,2097735
2018-03-15,0.02243903695617866,104.51,0.000958405213724367,104.04,104.44,105.41,1587628
2018-03-14,-0.14304281240083339,106.66,-0.016031686156167457,104.185,104.34,106.67,1552785
2018-03-13,0.5646803932134075,106.84,-0.00037707390648555883,105.69,106.04,107.6,1811975
2018-03-12,-0.3897096023474653,106.94,-0.005997001499250421,105.3801,106.08,107.2492,1158048
2018-03-09,0.0023856060686100466,104.0,0.03440922748861097,103.58,106.72,107.1311,1897536
2018-03-08,0.4364544459806259,102.51,0.007519531250000044,101.9162,103.17,103.28,1893020
2018-03-07,0.3710468438213306,100.88,0.005400098183603541,100.88,102.4,102.56,1317842
2018-03-06,-0.5282291254073173,102.63,-0.0014705882352942234,101.45,101.85,103.5,961194
2018-03-05,1.0627120377185424,100.62,0.008902077151335286,99.46,102.0,102.46,2037417
2018-03-02,-0.4757212344850721,100.05,0.0016843356781925944,99.9,101.1,101.2965,987737
2018-03-01,-0.42190143684491854,102.86,-0.015701189779598224,100.2901,100.93,104.33,1883992
2018-02-28,1.1894529636036881,104.07,-0.005817335660267542,102.5,102.54,104.76,3258946
2018-02-27,0.16917826242346412,104.44,-0.014334862385321112,103.08,103.14,104.98,1488475
2018-02-26,0.026885783815132402,104.13,0.006347374495095259,103.6,104.64,105.0,1273095
2018-02-23,0.33903793333988586,101.88,0.02838492730689346,101.43,103.98,103.98,1239763
2018-02-22,-0.4506198662183146,101.2,0.0022799365582870657,101.0,101.11,102.7,925861
2018-02-21,0.48174202499459273,100.75,0.0020860236416011535,100.63,100.88,103.77,1685283
2018-02-20,-0.2715706147387432,100.09,-0.001487800039674636,99.62,100.67,101.39,1137366
2018-02-16,-0.09482668663998406,100.84,-0.0026708873281235945,100.47,100.82,101.85,1561395
2018-02-15,-0.37298059657004934,100.65,0.009486718593968435,98.96,101.09,101.11,1724968
2018-02-14,1.0516381051958037,96.55,0.029823118058412312,96.48,100.14,100.33,2751060
2018-02-13,-0.46407178807936433,97.09,-0.006741573033707926,95.65,97.24,98.365,1340909
2018-02-12,-0.29171738571653416,97.75,0.009382410557789544,97.39,97.9,99.45,2502031
2018-02-09,-0.04640567708092913,94.6,0.055156657963446376,92.245,96.99,97.7,3532532
2018-02-08,1.4238571140674359,96.06,-0.04329725228975845,91.61,91.92,96.21,3704439
2018-02-07,-0.2992386796934178,95.58,0.0014592453616844026,95.46,96.08,97.59,1528324
2018-02-06,0.16202511547267195,94.14,-0.0015610365282547889,93.17,95.94,96.51,2180948
2018-02-05,0.120191730932101,98.42,-0.028314288603498827,95.135,96.09,100.19,1876851
2018-02-02,0.5740920287935243,99.09,-0.006030756859985886,98.59,98.89,100.95,1675473
2018-02-01,-0.3011696347968814,98.95,-0.0006027122049221401,98.61,99.49,100.16,1064406
2018-01-31,-0.09965892700919776,100.51,0.005555555555555536,99.32,99.55,101.56,1523125
2018-01-30,0.47681789096102456,99.84,-0.011186576108669688,98.4,99.0,99.9199,1691720
2018-01-29,-0.011558254638833643,102.44,-0.02321951219512186,99.97,100.12,102.57,1145517
2018-01-26,-0.18794166469884643,102.21,0.006283133712939426,101.79,102.5,102.73,1158912
2018-01-25,0.04497144710703793,101.52,0.006621207629212478,101.52,101.86,102.72,1427129
2018-01-24,0.38034821244476436,102.0,-0.007454634624816103,100.8,101.19,102.685,1365711
2018-01-23,-0.34347868785450564,101.76,0.002359649985252288,101.16,101.95,102.689,989396
2018-01-22,-0.21888814654982514,100.75,0.007229154287977657,100.25,101.71,101.83,1507028
2018-01-19,0.4568950675083818,101.0,0.004976114649681618,100.24,100.98,101.41,1929337
2018-01-18,-0.2313875802475871,100.38,-0.0012921180797137444,100.21,100.48,100.88,1324280
2018-01-17,0.07580497320086121,101.4,-0.004452800316643635,100.51,100.61,101.69,1722949
2018-01-16,0.3890354643145213,101.79,-0.00227070786849648,100.47,101.06,102.95,1601544
2018-01-12,-0.05407800109278316,101.38,0.001978435057869321,100.39,101.29,101.56,1152990
2018-01-11,0.17851020567990972,101.52,-0.0013829892324409565,100.66,101.09,101.75,1218906
2018-01-10,-0.3824323380259488,100.86,-0.003935845714847841,100.11,101.23,101.36,1034277
2018-01-09,0.7094680390651793,100.7,0.010740924912978622,100.16,101.63,102.71,1674759
2018-01-08,-0.21226482225833354,100.59,-0.0007949915532147189,100.04,100.55,101.16,979696
2018-01-05,-0.4061258919306864,99.5,0.014619883040935644,98.77,100.63,100.72,1243687
2018-01-04,0.45868993297192184,97.41,0.02405782137325785,97.33,99.18,99.99,2094193
2018-01-03,0.3718472921231395,95.48,0.01893740136770128,95.4,96.85,97.23,1435667
2018-01-02,0.19228091921704094,94.9,0.0015806111696521352,94.55,95.05,95.55,1046521
2017-12-29,0.3592759382171937,95.09,-0.0007370748657470338,94.4,94.9,95.4,877747
2017-12-28,-0.6167329239586289,94.75,0.0025335163095112634,94.52,94.97,95.39,645746
2017-12-27,3.122492023411044,96.06,-0.012200208550573577,94.385,94.73,96.06,1684846
2017-12-26,-0.6296886255215625,95.68,0.00010428616122637457,95.34,95.9,96.34,408696
2017-12-22,-0.14756915614633337,95.73,-0.004464285714285587,95.57,95.89,96.31,1103655
2017-12-21,-0.04041163914500012,96.07,0.009855315579786028,95.74,96.32,96.78,1294715
2017-12-20,-0.3323740494578793,95.69,0.004740334983672101,95.15,95.38,96.74,1349240
2017-12-19,0.5418781299877624,95.36,-0.010217912626420467,94.65,94.93,95.75,2020952
2017-12-18,-0.2892628756941533,95.86,0.006929133858267766,95.5,95.91,96.44,1310708
2017-12-15,0.27520851801808655,94.605,0.011146496815286566,94.03,95.25,95.56,1844153
2017-12-14,-0.10821762292579962,94.98,-0.00789889415481837,93.76,94.2,95.15,1446158
2017-12-13,0.04710337702589262,94.77,0.001687941766008949,94.61,94.95,96.0,1621649
2017-12-12,0.36775068731966964,95.75,-0.010232849535344979,94.5211,94.79,95.75,1548700
2017-12-11,-0.08093745764046323,95.78,-0.0016678828312312044,95.465,95.77,96.81,1132297
2017-12-08,-0.1876951620900278,95.0,0.013523507659799261,94.52,95.93,96.06,1232013
2017-12-07,0.3817378130161515,93.3,0.013600342685800015,93.3,94.65,94.82,1516688
2017-12-06,-0.20921237288086747,92.93,0.005491547324216528,92.53,93.38,94.51,1097667
2017-12-05,-0.2205307094732326,92.55,-0.003754559107487565,92.025,92.87,94.19,1388068
2017-12-04,0.2356795562398908,95.83,-0.024691358024691357,92.57,93.22,95.9,1780786
2017-12-01,-0.43616086449603664,96.1,-0.005824838776783858,93.7911,95.58,96.415,1441139
2017-11-30,0.6604689960553192,95.87,0.006490787269681775,95.585,96.14,96.96,2555940
2017-11-29,0.27478639521584913,98.05,-0.025306122448979673,95.25,95.52,98.1234,1539288
2017-11-28,-0.02599786886845945,98.0,0.004716013942997588,97.645,98.0,98.9877,1207487
2017-11-27,2.2888189118421853,98.1,-0.0022504091653027247,97.5,97.54,98.47,1239717
2017-11-24,-0.5169457099103602,98.19,-0.00030677983433891054,97.7,97.76,98.5,376949
2017-11-22,-0.3533081069254943,98.81,-0.012421732983235567,97.6,97.79,98.8209,780345
2017-11-21,0.23509145436493717,98.53,0.011336942089674285,97.9535,99.02,99.44,1206672
2017-11-20,-0.10906700030640382,97.0,0.010423116615067007,96.8001,97.91,98.77,976990
2017-11-17,-0.22602757129265494,96.89,-0.004315659679408057,96.49,96.9,97.2,1096592
2017-11-16,0.23253396385134462,96.12,0.01385560995937074,96.0,97.32,97.65,1416836
2017-11-15,0.07823790942858211,95.36,0.0024018379281536273,94.56,95.99,96.27,1149531
2017-11-14,-0.42109852923449165,96.7,-0.01074380165289246,95.29,95.76,96.81,1066120
2017-11-13,0.4274698810122677,95.9,0.008963935793204092,95.6401,96.8,97.64,1841626
2017-11-10,-0.41678570847354646,94.59,0.013843390045440218,94.55,95.94,96.115,1290133
2017-11-09,-0.4709632303914394,96.6,-0.021912144702842418,94.46,94.63,97.2,2212108
2017-11-08,0.4041916992131749,97.0,0.04560683021722678,95.54,96.75,99.0,4181388
2017-11-07,0.9923925116086125,92.96,-0.005267684368952863,91.615,92.53,92.99,2977790
2017-11-06,0.1801436942482031,91.16,0.017167851284854985,91.095,93.02,93.21,1494580
2017-11-03,-0.21152848813500225,90.66,0.008380196273018115,90.1501,91.45,91.73,1266439
2017-11-02,0.42503335912159046,91.07,-0.008852459016393421,90.52,90.69,91.445,1606195
2017-11-01,0.11376284584980234,91.99,-0.00021853146853145766,90.89,91.5,92.53,1127128
2017-10-31,0.06870325743287342,91.25,0.0037288879140160436,90.63,91.52,91.89,1012000
2017-10-30,-0.02258211019590839,91.67,-0.007942552497007815,90.44,91.18,91.67,946942
2017-10-27,0.5180174674952289,91.04,0.010777521170130866,90.27,91.91,92.53,968820
2017-10-26,-0.2675757311458252,91.31,0.003088803088802994,90.5,90.93,91.38,638214
2017-10-25,0.20992968463614847,91.15,-0.008314188819603885,90.33,90.65,91.4,871372
2017-10-24,-0.07123365401975701,91.4,-0.0008744125040988093,91.08,91.41,91.58,720184
2017-10-23,-0.497593968691465,92.28,-0.004353030797693003,91.44,91.49,92.6,775420
2017-10-20,-0.20705241660993878,91.52,0.009447434911567631,91.09,91.89,91.9,1543413
2017-10-19,0.42568082270043806,91.0,-0.005897127880310049,90.12,91.03,91.09,1946425
2017-10-18,-0.43309630337066984,92.65,-0.005862555639995715,91.57,91.57,92.67,1365260
2017-10-17,0.39233850312951324,91.39,0.0067766969067657445,91.17,92.11,92.23,2408275
2017-10-16,-0.1464352017718138,91.06,0.004942882249560521,90.8501,91.49,91.8,1729662
2017-10-13,-0.5287845400993962,91.6,-0.0017543859649122862,90.95,91.04,91.9899,2026398
2017-10-12,1.1411293052972034,92.06,0.04050199657729592,89.5,91.2,93.4,4300364
2017-10-11,0.2801152352028249,87.83,-0.004994891588148476,87.06,87.65,87.99,2008456
2017-10-10,-0.1810473745171125,88.42,-0.0036195000565546476,87.77,88.09,88.7299,1568965
2017-10-09,0.3536113962803258,87.8,0.011093321134492129,87.47,88.41,89.51899999999998,1915819
2017-10-06,-0.225295302527724,85.87,0.019351830263464542,85.538,87.44,87.44,1415339
2017-10-05,1.4931255978853453,85.47,0.0032748538011695416,85.21,85.78,86.135,1826940
2017-10-04,-0.35221463457755975,85.11,0.004582305252026853,84.8473,85.5,85.62,732791
2017-10-03,-0.3975411145669123,85.37,-0.002811950790861051,85.0,85.11,85.73,1131225
2017-10-02,0.3188742845222199,85.88,-0.0061714019562180145,85.04,85.35,86.75,1877680
2017-09-29,0.6758074768115259,84.52,0.012855289538860504,84.4101,85.88,86.03,1423699
2017-09-28,-0.18808291195311766,84.25,0.002008981328291304,83.93,84.79,84.97,849560
2017-09-27,0.13091959638231265,84.6,0.007141156867412679,84.16,84.62,85.0742,1046363
2017-09-26,-0.2586786957619073,84.46,-0.0065034882345985645,83.87,84.02,84.54,925232
2017-09-25,-0.5327395136553941,85.33,-0.010992866331423379,83.8,84.57,85.58,1248085
2017-09-22,1.0362420374396613,84.42,0.007897218293257957,84.25,85.51,85.99,2671069
2017-09-21,0.036904473008362304,84.52,-0.0005889975262103331,84.33,84.84,85.39,1311764
2017-09-20,0.5406612383483169,84.76,0.0014155951397900601,84.26,84.89,85.31,1265077
2017-09-19,-0.3531384906254924,84.9,-0.0009428403064231095,84.66,84.77,85.05,821126
2017-09-18,-0.43512127048319515,85.08,-0.00258610556012695,84.73,84.85,85.39,1269400
2017-09-15,-0.06654188479609335,85.78,-0.0038641686182671053,84.96,85.07,85.83,2247208
2017-09-14,-0.10397949954778418,84.98,0.00046860356138722636,84.5001,85.4,85.82,2407401
2017-09-13,0.31980211589218066,85.8,-0.006402048655569703,84.74,85.36,85.8,2686770
2017-09-12,-0.31500856686393564,85.57,0.007741935483871032,85.46,85.91,86.29,2035737
2017-09-11,0.7801425831485456,84.84,0.012831175002970152,84.18,85.25,85.86,2971916
2017-09-08,-0.01347992724668412,84.29,-0.0018973081939996916,83.58,84.17,84.585,1669482
2017-09-07,0.39707985087194997,84.26,0.0038090703487678734,83.52,84.33,84.34,1692294
2017-09-06,-0.12903724486237467,84.43,-0.005092373282804319,83.63,84.01,84.92,1211308
2017-09-05,0.8430179628022236,84.61,-0.00553527264162057,84.24,84.44,85.71,1390769
2017-09-01,-0.4896480968364356,85.13,-0.0010588235294117787,84.555,84.91,85.38,754615
2017-08-31,0.9938093645665342,84.88,0.006751154802795201,84.42,85.0,85.28,1478617
2017-08-30,-0.13007103912313134,84.59,-0.003187721369539487,84.08,84.43,84.765,741604
2017-08-29,0.1656775929683696,84.31,-0.0010614459252270558,84.13,84.7,84.94,852488
2017-08-28,0.4308628134617605,84.89,-0.0010603204524032295,84.12,84.79,85.07,731324
2017-08-25,-0.5408767687365705,85.38,-0.0017640832647302096,84.74,84.88,85.6,511107
2017-08-24,-0.5067597534915314,85.5,-0.000470201010932092,84.93,85.03,85.7971,1113224
2017-08-23,0.16058876857706883,84.93,-0.00514559700619821,84.4,85.07,85.225,2256961
2017-08-22,0.7798675077247499,83.5,0.026900444337696783,83.5,85.51,85.59,1944669
2017-08-21,-0.385749808431919,83.37,-0.0008399328053756427,82.85,83.27,83.68,1092592
2017-08-18,0.015197070510252209,83.52,-0.002871500358937462,82.8,83.34,84.13,1778741
2017-08-17,0.18051866674751893,85.5,-0.025760578155962333,83.57,83.58,85.79,1752114
2017-08-16,-0.32567438694883555,85.36,0.005155243116578889,84.96,85.79,86.08,1484190
2017-08-15,-0.09040795283839542,84.45,0.013296925086073719,83.8,85.35,85.69,2200999
2017-08-14,0.5589722411564833,82.81,0.026569165143205398,82.5,84.23,84.44,2419765
2017-08-11,-0.36950391543091676,81.46,0.009597637504614287,80.85,82.05,82.2,1552154
2017-08-10,-0.4665428620958655,82.19,-0.020607375271149753,80.7,81.27,82.55,2461798
2017-08-09,0.6878834706436363,79.68,0.0708478513356563,79.67,82.98,84.5,4614800
2017-08-08,1.2427970373578705,78.46,-0.01749714720426032,77.26,77.49,79.29,2734075
2017-08-07,0.4632907046811494,78.65,0.001905487804878092,78.63,78.87,79.25,1219047
2017-08-04,-0.025192601121439284,78.49,0.003569607343192338,78.4,78.72,78.95,833086
2017-08-03,-0.15502098565856404,78.37,0.004224811163743514,78.0,78.44,78.65,854616
2017-08-02,-0.05051205817438986,78.97,-0.007748983739837345,77.86,78.11,79.25,1011405
2017-08-01,0.0886318250848761,78.49,0.004337841286042421,78.4,78.72,78.95,1065211
2017-07-31,0.21136033316909275,78.54,-0.0006375111564453917,77.96,78.38,79.0,978486
2017-07-28,-0.5507401382110431,78.41,-0.0006371049949031038,78.34,78.43,78.89,807758
2017-07-27,0.6898658333137526,80.22,-0.01973519860104922,77.37,78.48,80.29,1797975
2017-07-26,0.3777490883851986,80.06,0.0,79.85,80.06,80.39,1063975
2017-07-25,-0.453099726640511,80.35,-0.0023676012461059104,79.98,80.06,80.7299,772256
2017-07-24,-0.11940531203033311,80.0,0.003877908431323629,79.62,80.25,80.39,1412060
2017-07-21,1.1605267625445639,78.53,0.01653102746693791,78.53,79.94,80.36,1603530
2017-07-20,-0.4974394393377686,78.52,-0.00088934061745638,78.09,78.64,78.87,742194
2017-07-19,-0.1409333001377462,78.0,0.009361374711464254,77.77,78.71,78.71,1476825
2017-07-18,0.1601684740759537,78.24,-0.0029408004091546758,77.74,77.98,78.35,1719104
2017-07-17,0.07981125888139906,78.52,-0.0038211692777991857,77.65,78.21,78.57,1481771
2017-07-14,0.36477376929181937,78.82,-0.0006364562118126305,77.92,78.51,78.82,1372250
2017-07-13,0.042236644204446616,78.68,-0.0015251652262329163,77.9754,78.56,78.93,1005478
2017-07-12,-0.4534990627586336,78.25,0.012221793387366509,77.92,78.68,78.98,964731
2017-07-11,-0.19520364647966815,77.92,-0.0015414258188823915,77.34,77.73,78.05,1765287
2017-07-10,1.7180868069582371,77.36,0.005034856700232293,77.1301,77.85,78.25,2193458
2017-07-07,-0.5840473462327282,76.51,0.012416677558488853,76.46,77.46,77.65,806986
2017-07-06,0.09006675502910166,76.2,0.003541448058761887,75.64,76.51,76.7,1940091
2017-07-05,0.46199195974285634,75.95,0.0038183015141539656,75.88,76.24,76.67,1779791
2017-07-03,-0.32908643804195314,76.76,-0.010036496350364965,75.84,75.95,76.85,1217374
2017-06-30,-0.0919871772417058,78.22,-0.023172905525846832,76.72,76.72,78.7806,1814502
2017-06-29,-0.06924311569800645,78.19,0.0017857142857142794,77.47,78.54,78.85,1998322
2017-06-28,0.06727611662068456,77.9,0.011351909184726727,77.26,78.4,78.58,2146986
2017-06-27,-0.269101143190994,78.54,-0.016867469879518038,77.5,77.52,79.25,2011650
2017-06-26,-0.6966193784033644,78.05,0.00497068569971959,77.86,78.85,79.31,2752296
2017-06-23,7.6903813787032185,76.27,0.022679874869655725,76.06,78.46,78.47,9072089
2017-06-22,-0.47814000176965576,76.54,0.003925673907354099,76.122,76.72,77.0,1043923
2017-06-21,0.33482960877079426,76.0,0.0065858798735511925,75.79,76.42,76.99,2000389
2017-06-20,-0.10796068053110097,76.41,-0.01029852691956712,75.675,75.92,76.54,1498610
2017-06-19,-0.3424820628750437,75.0,0.02498663816141078,74.9,76.71,76.87,1679982
2017-06-16,0.5031975591474902,73.63,0.009986504723346945,73.51,74.84,74.98,2555036
2017-06-15,0.42278826434520567,74.06,-0.009225832330525652,73.75,74.1,74.57,1699734
2017-06-14,-0.426828449152705,76.0,-0.015013828526274198,74.66,74.79,76.19,1194650
2017-06-13,-0.14371882583633344,75.42,0.005029781601588512,74.9,75.93,75.96,2084280
2017-06-12,0.0636389973917082,74.73,0.005992010652463353,73.94,75.55,75.95,2434107
2017-06-09,0.5365032408980248,75.9,-0.013788575180564866,74.31,75.1,76.39,2288471
2017-06-08,0.30594540184028096,76.8,-0.008076071382050132,75.76,76.15,76.891,1489402
2017-06-07,-0.16313127755372792,76.88,-0.0013008976193574773,76.37,76.77,77.25,1140478
2017-06-06,-0.18680695741213582,77.52,-0.011318327974276454,76.84,76.87,77.99,1362792
2017-06-05,-0.21050060348295874,77.35,0.002062121407397921,76.97,77.75,78.1,1675853
2017-06-02,0.24264602573949534,77.0,0.005833549390718229,76.29,77.59,78.24,2122678
2017-06-01,-0.20610431583457967,77.3,-0.004901960784313708,76.76,77.14,77.82,1708192
2017-05-31,0.07726391553549328,78.23,-0.0104671942813378,77.322,77.52,78.64,2151658
2017-05-30,-0.1581139191739861,78.1,-0.004068141367912448,77.27,78.34,78.6,1997336
2017-05-26,0.3992238506679249,79.51,0.00025432349949139343,77.17,78.66,80.33,2372454
2017-05-25,0.43915820851942944,78.54,0.008851828094932568,78.02,78.64,79.55,1695550
2017-05-24,0.08006468540123102,78.55,-0.004088411907499645,77.4,77.95,78.726,1178154
2017-05-23,-0.27244459384829645,78.45,-0.0026758409785934134,78.15,78.27,78.88,1090818
2017-05-22,-0.1336291557043079,78.1,0.005251697194825322,77.6401,78.48,78.58,1499292
2017-05-19,-0.44570475903730233,78.08,-0.000640040962621713,77.94,78.07,79.03,1730543
2017-05-18,0.457140950241133,78.7,-0.008377760853008343,77.74,78.12,78.89,3122060
2017-05-17,0.24779962925798604,80.03,-0.022459362203747335,78.515,78.78,80.18,2142593
2017-05-16,-0.0753142784520009,80.69,0.0007450639513224555,80.29,80.59,80.83,1717097
2017-05-15,0.7956850227101524,79.64,0.01142928912333585,79.64,80.53,80.6,1856952
2017-05-12,-0.4163511242978254,79.45,0.0025182573659028318,79.12,79.62,79.63,1034119
2017-05-11,-0.3420395834517005,79.22,-0.0023866348448686736,78.97,79.42,79.52,1771817
2017-05-10,-0.23494988907326964,79.06,0.007721518987341858,79.06,79.61,79.86,2692893
2017-05-09,2.0320676930074217,79.93,0.007524550439995004,78.84,79.0,80.03,3519891
2017-05-08,0.15940512085043235,78.14,0.0002551345834926888,77.51,78.41,78.43,1160888
2017-05-05,-0.5583333737677252,77.79,0.010701392470345628,77.05,78.39,78.48,1001279
2017-05-04,-0.2624049719446402,77.88,0.003753073637893234,77.52,77.56,78.31,2267047
2017-05-03,0.4016358679740719,76.84,0.0037672122629253124,76.33,77.27,78.6,3073566
2017-05-02,-0.259478713797787,76.43,0.0075916230366492865,76.25,76.98,77.93,2192842
2017-05-01,0.47588196389259796,75.38,0.014069551367135613,74.95,76.4,76.8,2961214
2017-04-28,0.6928670868453692,75.88,-0.007116499736425808,74.96,75.34,75.88,2006403
2017-04-27,-0.23008865078916552,76.33,-0.003414762280010586,75.35,75.88,76.47,1185210
2017-04-26,-0.2462070687780944,76.33,0.0001313542624459263,75.65,76.14,76.75,1539411
2017-04-25,-0.05297658850468967,75.41,0.005813185361342343,75.09,76.13,76.42,2042220
2017-04-24,-0.20946749466614856,76.97,-0.008254716981132004,75.43,75.69,77.03,2156462
2017-04-21,0.03938075941939534,75.72,0.010994833752814959,75.01,76.32,76.52,2727860
2017-04-20,-0.18480924665895115,75.52,0.003189368770764034,74.88,75.49,75.78,2624505
2017-04-19,0.028212547426512913,76.16,-0.0018570102135562205,74.7,75.25,76.16,3219498
2017-04-18,0.5158964924596354,76.7,-0.020909090909090877,74.77,75.39,76.84,3131160
2017-04-17,-0.302403416198574,76.8,0.006404391582799596,76.8,77.0,77.99,2065550
2017-04-13,-0.17457666051886822,75.69,0.004991461972941202,75.52,76.51,77.34,2960952
2017-04-12,0.2247273104693388,74.04,0.02490576198169081,74.0,76.13,76.75,3587192
2017-04-11,-0.08031365717445416,74.11,-0.005755588274661938,73.54,74.28,75.18,2928972
2017-04-10,-0.20013908873022135,75.9,-0.01528931066297623,73.84,74.71,76.16,3184751
2017-04-07,-0.5775500406096703,74.4,0.015934654525977532,74.39,75.87,76.24,3981631
2017-04-06,0.797235203182781,72.72,0.04025630310628214,72.55,74.68,75.09,9425095
2017-04-05,-0.24994239643694605,69.97,0.03443804034582132,69.61,71.79,72.64,5244219
2017-04-04,-0.7973195557594541,68.58,0.021339220014716664,68.11,69.4,70.625,6991755
2017-04-03,623.290967660206,69.32,-0.015360092740182574,67.76,67.95,71.83,34496446
2017-03-31,0.2278787609439581,71.09,-0.03007730147575549,68.9,69.01,71.09,55257
2017-03-30,-0.3856885442830621,72.99,-0.021589658965896485,70.28,71.15,73.54,45002
2017-03-29,2.4050385795296085,69.28,0.052844939916027345,67.5,72.72,74.92,73256
2017-03-28,-0.3119263120862251,68.35,0.014988978692138,68.2,69.07,70.1,21514
2017-03-27,1.2713206450675578,67.01,0.003095518867924474,65.53,68.05,68.16,31267
2017-03-24,0.10721467063460155,67.9,0.008923259964306984,67.6,67.84,69.04,13766
2017-03-23,-0.17547582730950329,65.25,0.021418806015494507,65.22,67.24,67.77,12433
2017-03-22,-0.48078644721437913,65.49,0.012302014454866894,64.79,65.83,66.4,15079
2017-03-21,1.224247530060504,66.8,-0.02576779026217224,63.94,65.03,67.41,29042
2017-03-20,-0.5679923239809423,66.77,0.0025533193151097144,66.0,66.75,67.62,13057
2017-03-17,2.485239852398524,69.18,-0.032126762610844684,66.34,66.58,69.21,30224
2017-03-16,-0.19933524143661707,69.48,-0.008503891611415293,68.59,68.79,70.01,8672
2017-03-15,0.5765647743813682,68.72,0.01225561715786383,68.72,69.38,69.59,10831
2017-03-14,-0.5555411787539626,68.31,-0.003923848277866515,67.63,68.54,68.79,6870
2017-03-13,0.6285955115372459,68.98,-0.003620040544454084,68.54,68.81,69.22,15457
2017-03-10,0.24178987308648447,68.73,0.0008695652173913437,67.98,69.06,69.33,9491
2017-03-09,0.12264982373678035,68.41,0.005977547747485046,68.37,69.0,69.24,7643
2017-03-08,-0.32853338593549664,68.35,0.004393029726167841,68.1,68.59,68.98,6808
2017-03-07,0.2249607345656639,68.41,-0.005388872706087788,68.18,68.29,68.95,10139
2017-03-06,-0.2543243243243243,69.2,-0.017036506800286344,68.61,68.66,69.36,8277
2017-03-03,-0.0707408957722897,70.14,-0.002570327002713202,69.27,69.85,70.18,11100
2017-03-02,-0.2631546480784652,70.21,-0.007792575800510071,69.72,70.03,70.77,11945
2017-03-01,-0.26878664862426704,69.17,0.029463243873979028,69.17,70.58,71.19,16211
2017-02-28,0.6803092314688495,68.54,0.0,68.29,68.56,69.27,22170
2017-02-27,-0.37519534024719425,69.16,-0.007814761215629407,67.41,68.56,69.16,13194
2017-02-24,0.6834343112244898,67.99,-0.00931899641577072,67.27,69.1,69.29,21117
2017-02-23,0.6939905469277514,71.11,-0.013855506857062161,68.99,69.75,71.12,12544
2017-02-22,-0.26574119980168565,70.71,-0.004643962848297156,70.53,70.73,71.6,7405
2017-02-21,0.2328850855745721,70.94,0.007086167800453458,70.41,71.06,71.24,10085
2017-02-17,-0.5578378378378379,70.57,-0.0039525691699604515,70.18,70.56,70.8,8180
2017-02-16,0.45394530022005664,70.61,0.009116809116809232,70.29,70.84,70.93,18500
2017-02-15,-0.03525665327166583,70.23,0.0008554319931566301,69.95,70.2,70.81,12724
2017-02-14,-0.398668672776182,69.96,-0.003551640858076466,69.61,70.14,70.79,13189
2017-02-13,0.962157809983897,71.3,-0.006071731149392745,70.29,70.39,71.44,21933
2017-02-10,-0.21552389641378344,71.09,-0.002535211267605697,70.79,70.82,71.6,11178
2017-02-09,-0.17925234721502215,70.37,0.0032499646742971677,70.28,71.0,71.22,14249
2017-02-08,-0.3509663912669633,70.64,0.001131701796576623,70.33,70.77,71.18,17361
2017-02-07,-0.3946957525287954,71.45,-0.009666573269823453,70.56,70.69,71.79,26749
2017-02-06,-0.4884294363474295,69.95,0.02044317369549664,69.81,71.38,71.5,44191
2017-02-03,5.065370032298834,65.45,0.11119936457505952,65.01,69.95,70.47,86383
2017-02-02,-0.026653909240021867,62.04,0.011244979919678766,61.6,62.95,63.08,14242
2017-02-01,,62.38,,61.69,62.25,62.83,14632
