low,high,volume,close,time,percentChange,percentVol,open
10.2000,10.6000,2070479,10.3700,2020-04-13,-0.015194681861348536,-0.8343700410003303,10.4800
10.4200,10.8000,12500631,10.5300,2020-04-09,0.029325513196480912,1.1399876742931978,10.4400
9.7600,10.3200,5841450,10.2300,2020-04-08,0.05900621118012417,-0.4428471607423783,9.7900
9.6500,10.3900,10484466,9.6600,2020-04-07,-0.017293997965411978,0.0029492130776316294,10.2300
9.6100,10.1600,10453636,9.8300,2020-04-06,0.05698924731182786,0.5314447884235503,9.9500
9.2100,9.6100,6825996,9.3000,2020-04-03,-0.008528784648187626,-0.17093676184664774,9.3600
9.1000,9.8900,8233384,9.3800,2020-04-02,-0.02087682672233815,-0.28467160894726085,9.5000
9.09,9.74,3744570,9.62,2020-04-01,-0.009268795056642798,-0.5930151864612068,9.16
9.6750,10.1600,9299947,9.7100,2020-03-31,-0.03383084577114426,-0.07714084697121859,10.0900
9.46,10.22,10077320,10.05,2020-03-30,0.023421588594704668,-0.19692179866910176,9.8
9.5800,10.2550,12548367,9.8200,2020-03-27,-0.06742640075973405,-0.04040886196416016,10.0200
9.4600,10.6100,13076785,10.5300,2020-03-26,0.12140575079872185,-0.20364744843582694,9.5600
8.8150,10.0800,16420849,9.3900,2020-03-25,0.05033557046979875,0.3152677064166687,9.0000
8.21,8.97,12484796,8.94,2020-03-24,0.14176245210727956,0.014444676922326982,8.27
7.6536,8.73,12307025,7.83,2020-03-23,-0.09269988412514496,-0.3834522466023689,8.54
8.61,9.46,19961187,8.63,2020-03-20,-0.052689352360043795,0.12884074271041834,9.36
7.8800,9.3100,17682908,9.1100,2020-03-19,0.06799531066822984,0.08156166010027754,8.2900
7.43,8.67,16349422,8.53,2020-03-18,0.03143893591293834,0.008962433365240718,7.81
7.6800,8.6600,16204193,8.2700,2020-03-17,-0.009580838323353325,-0.21621689076982553,8.4900
7.59,8.85,20674333,8.35,2020-03-16,-0.15314401622718055,0.4813671320924844,8.56
8.9400,9.8900,13956252,9.8600,2020-03-13,0.08114035087719307,-0.13105687128841093,9.6900
8.98,9.95,16061180,9.12,2020-03-12,-0.13718070009460748,0.023530029541265263,9.78
10.5,11.22,15691948,10.57,2020-03-11,-0.08246527777777768,0.06867826561905166,11.2
10.94,11.595,14683510,11.52,2020-03-10,0.03411131059245953,-0.015432755011526633,11.39
10.75,11.51,14913669,11.14,2020-03-09,-0.0708924103419516,-0.0773412336222733,11.19
11.4000,12.0750,16163797,11.9900,2020-03-06,0.016963528413910245,-0.08235637084531688,11.4500
11.6300,11.9700,17614460,11.7900,2020-03-05,-0.038336052202283866,-0.32799784525431375,11.8000
11.43,12.28,26211910,12.26,2020-03-04,-0.026211278792692583,0.715752755068384,11.9
12.4250,13.3300,15277207,12.5900,2020-03-03,-0.023273855702094726,-0.01667763451773252,12.6200
12.34,12.89,15536316,12.89,2020-03-02,0.00781860828772496,-0.33214041548137185,12.79
12.06,12.8,23262848,12.79,2020-02-28,0.01669316375198715,0.8895517575106782,12.28
12.52,13.08,12311305,12.58,2020-02-27,-0.03527607361963181,0.20204709084179195,12.75
13.01,13.57,10241949,13.04,2020-02-26,-0.02175543885971498,-0.08914319448196961,13.44
13.1900,13.7900,11244302,13.3300,2020-02-25,-0.027716994894237845,0.018032378426984907,13.7800
13.61,14.02,11045132,13.71,2020-02-24,-0.03314527503526088,0.30246571678802225,13.74
14.09,14.45,8480171,14.18,2020-02-21,-0.020041465100207434,-0.0723226930454266,14.34
14.37,14.66,9141294,14.47,2020-02-20,0.0,0.2517013677078006,14.42
14.37,14.55,7303095,14.47,2020-02-19,0.006258692628650975,0.32908938997173887,14.38
14.2101,14.4000,5494811,14.3800,2020-02-18,-0.0041551246537395725,-0.32287376589653183,14.2500
14.35,14.82,8114899,14.44,2020-02-14,-0.017687074829931926,-0.10119317398945826,14.73
14.5500,14.8200,9028524,14.7000,2020-02-13,-0.021956087824351322,0.15419910798933523,14.8000
14.9500,15.1800,7822328,15.0300,2020-02-12,0.010759919300605159,0.5715204696925438,14.9900
14.8000,14.9850,4977554,14.8700,2020-02-11,0.00677048070413,-0.2639830248453864,14.8600
14.5500,14.7800,6762825,14.7700,2020-02-10,0.002035278154681075,0.06316642199948364,14.6500
14.6400,14.7900,6361022,14.7400,2020-02-07,-0.012064343163538882,0.005081641072540499,14.7400
14.8000,15.0800,6328861,14.9200,2020-02-06,0.002014775016789816,-0.17632648641585613,14.9900
14.6,14.91,7683701,14.89,2020-02-05,0.032593619972260734,-0.07513407707451747,14.6
14.3800,14.7150,8307908,14.4200,2020-02-04,0.01980198019801982,-0.09561121650455962,14.4700
14.0100,14.4400,9186213,14.1400,2020-02-03,0.015075376884422065,-0.2472953530292218,14.0600
13.81,14.34,12204273,13.93,2020-01-31,-0.03398058252427183,0.7590446658206991,14.31
14.15,14.51,6938012,14.42,2020-01-30,0.0,-0.02606937411799981,14.26
14.4100,14.7500,7123723,14.4200,2020-01-29,-0.013679890560875485,0.12171224285353022,14.7500
14.52,14.74,6350758,14.62,2020-01-28,0.00688705234159781,-0.4524876337322541,14.58
14.3,14.63,11599296,14.52,2020-01-27,-0.016260162601625994,0.21044270559130118,14.46
14.6950,15.2200,9582689,14.7600,2020-01-24,-0.02638522427440637,0.567829861951888,15.1500
14.7900,15.1776,6112072,15.1600,2020-01-23,0.008649367930805063,-0.49554983965821264,15.0400
14.9000,15.0700,12116305,15.0300,2020-01-22,0.008724832214765055,-0.09088320469259326,14.9600
14.7400,15.0400,13327556,14.9000,2020-01-21,-0.013245033112582738,-0.28833116856625773,15.0100
14.98,15.79,18727188,15.1,2020-01-17,-0.04248573240329745,1.7451938334831714,15.79
15.515,15.8,6821809,15.77,2020-01-16,0.018076178179470492,-0.016160541943135875,15.6
15.43,15.65,6933864,15.49,2020-01-15,-0.003217503217503137,-0.09586532171278861,15.5
15.5,15.67,7669061,15.54,2020-01-14,-0.0006430868167203174,-0.2424729933744325,15.57
15.45,15.66,10123812,15.55,2020-01-13,0.005171299288946329,0.3432450132894034,15.47
15.46,15.74,7536832,15.47,2020-01-10,-0.01276324186343325,-0.29354593853440836,15.67
15.45,15.8,10668538,15.67,2020-01-09,-0.005710659898477188,0.3991664703805573,15.8
15.49,15.805,7624924,15.76,2020-01-08,0.007672634271099765,-0.10813698310320896,15.57
15.57,15.765,8549434,15.64,2020-01-07,-0.0050890585241730735,-0.0648736281717649,15.69
15.5900,15.7800,9142544,15.7200,2020-01-06,-0.003170577045022105,0.17179998249197626,15.6100
15.7100,15.9600,7802137,15.7700,2020-01-03,-0.02473716759431055,-0.09280609727780331,15.9000
15.97,16.18,8600297,16.17,2020-01-02,0.019546027742749272,0.17193665655838064,16.0
15.62,15.9,7338534,15.86,2019-12-31,0.005069708491761693,-0.2773799455327104,15.69
15.69,15.99,10155453,15.78,2019-12-30,-0.007547169811320864,0.3732121318657544,15.92
15.8700,16.1100,7395400,15.9000,2019-12-27,-0.003759398496240629,1.111716465643275,16.0200
15.9000,15.9900,3502080,15.9600,2019-12-26,0.002512562814070307,0.7315137197820183,15.9400
15.8050,15.9800,2022554,15.9200,2019-12-24,0.005050505050504972,-0.7996220809877689,15.8200
15.5400,15.9050,10093697,15.8400,2019-12-23,0.016688061617458283,-0.4824883919133487,15.6100
15.5800,15.8500,19504291,15.5800,2019-12-20,-0.010165184243964398,0.8374477455331111,15.8200
15.68,15.995,10614882,15.74,2019-12-19,-0.010685103708359511,-0.006898646120700902,15.88
15.78,16.17,10688619,15.91,2019-12-18,0.004419191919192045,0.20439879833021046,15.8
15.8100,16.1000,8874651,15.8400,2019-12-17,-0.01492537313432829,0.28572235736721807,16.0800
16.0700,16.3500,6902463,16.0800,2019-12-16,0.003119151590767144,-0.0710715806940656,16.1100
15.99,16.45,7430565,16.03,2019-12-13,-0.022560975609755896,-0.17735224770022118,16.37
15.8650,16.4400,9032499,16.4000,2019-12-12,0.03339634530560809,0.3462833409174342,15.8700
15.84,16.09,6709211,15.87,2019-12-11,0.0018939393939394478,-0.025534577474536357,15.88
15.71,15.95,6885017,15.84,2019-12-10,-0.003146633102580232,0.02524402162105499,15.75
15.755,16.01,6715491,15.89,2019-12-09,-0.0012570710245128902,0.2653209459650423,15.84
15.88,16.11,5307342,15.91,2019-12-06,-0.0012554927809165228,-0.3367788121795403,16.04
15.8,15.97,8002371,15.93,2019-12-05,0.012071156289707785,0.5273548364439513,15.84
15.6800,15.8800,5239366,15.7400,2019-12-04,0.00832799487508007,-0.20466710455749015,15.6800
15.365,15.62,6587639,15.61,2019-12-03,-0.009517766497461944,-0.3233951116623577,15.5
15.75,15.99,9736316,15.76,2019-12-02,-0.004421983575489619,1.0260088982519164,15.83
15.805,16.04,4805663,15.83,2019-11-29,-0.006900878293600976,-0.43105679317996914,15.9
15.78,15.98,8446648,15.94,2019-11-27,-0.0018785222291798354,-0.69578881713859,15.93
15.75,16.67,27765738,15.97,2019-11-26,-0.08481375358166177,1.443533608584746,16.48
17.01,17.46,11362945,17.45,2019-11-25,0.01927570093457942,0.6993644737934237,17.16
17.04,17.285,6686585,17.12,2019-11-22,0.0023419203747074846,0.23030008526341317,17.12
16.99,17.23,5434922,17.08,2019-11-21,-0.00233644859813098,-0.15526958477679131,17.07
17.05,17.4,6433913,17.12,2019-11-20,-0.01834862385321101,-0.29373175714318644,17.36
17.2700,17.5800,9109730,17.4400,2019-11-19,0.0092592592592593,0.10723197051442601,17.3400
17.06,17.28,8227481,17.28,2019-11-18,0.0029019152640743506,-0.17006650175892846,17.22
17.04,17.27,9913422,17.23,2019-11-15,0.01174398120963005,-0.09964317852299454,17.15
16.98,17.2,11010548,17.03,2019-11-14,-0.01160766105629707,0.2749269095654012,17.16
17.14,17.32,8636219,17.23,2019-11-13,-0.006343713956170616,0.026968781582859425,17.27
17.26,17.54,8409427,17.34,2019-11-12,-0.0068728522336770626,0.4910154436108649,17.51
17.33,17.59,5640067,17.46,2019-11-11,0.001721170395869276,-0.04433147883880195,17.44
17.05,17.44,5901698,17.43,2019-11-08,0.014551804423748482,-0.35208596289706384,17.18
17.02,17.35,9108767,17.18,2019-11-07,0.01416765053128688,-0.2889725081591886,17.08
16.82,17.03,12810710,16.94,2019-11-06,0.0065359477124184995,-0.04662085639809954,16.96
16.765,16.94,13437162,16.83,2019-11-05,0.0108108108108107,0.2749214391438006,16.78
16.59,16.8,10539600,16.65,2019-11-04,0.009090909090909038,0.5063235834482771,16.59
15.81,16.53,6996903,16.5,2019-11-01,0.005484460694698434,0.22217905826453066,16.1
16.1,16.43,5724941,16.41,2019-10-31,0.006131207847946074,-0.11271873839548141,16.35
16.19,16.48,6452228,16.31,2019-10-30,-0.009113001215066974,-0.005801648104433399,16.48
16.22,16.545,6489880,16.46,2019-10-29,0.0018259281801582539,0.17207096488146778,16.32
16.27,16.4775,5537105,16.43,2019-10-28,0.01670792079207928,-0.12786017297873187,16.28
15.9,16.2,6348873,16.16,2019-10-25,0.016991818753933297,-0.2502009759037952,15.91
15.675,16.235,8467433,15.89,2019-10-24,-0.00811485642946308,-0.2295820803422821,16.17
15.7,16.2,10990701,16.02,2019-10-23,0.004388714733542409,0.010680900756270262,15.9
15.87,16.09,10874551,15.95,2019-10-22,-0.00125234815278652,-0.44259018507128756,16.02
15.79,16.41,19509077,15.97,2019-10-21,0.04039087947882747,0.9534282084173209,15.85
15.2,15.39,9987097,15.35,2019-10-18,0.00920447074293218,1.0834600496712747,15.23
15.025,15.29,4793515,15.21,2019-10-17,0.007952286282306265,-0.0792823130368876,15.08
15.04,15.215,5206281,15.09,2019-10-16,-0.0033025099075297826,-0.31590159132989515,15.17
14.69,15.27,7610427,15.14,2019-10-15,0.012709030100334529,-0.12970280046154037,14.94
14.59,14.95,8744630,14.95,2019-10-14,0.04181184668989535,0.3438376864298307,14.62
14.28,14.535,6507207,14.35,2019-10-11,0.01700921332388372,0.46109200073647294,14.36
13.98,14.25,4453660,14.11,2019-10-10,0.002842928216062468,-0.2960128428188381,14.01
13.95,14.225,6326337,14.07,2019-10-09,0.015884476534296033,-0.47468168701398605,13.97
13.82,14.215,12042864,13.85,2019-10-08,-0.03484320557491294,0.4571463107332143,14.19
14.33,14.665,8264691,14.35,2019-10-07,-0.003472222222222321,-0.15235468570003252,14.4
14.245,14.51,9750176,14.4,2019-10-04,-0.006896551724137945,0.6878377129190478,14.51
14.05,14.5,5776726,14.5,2019-10-03,0.0041551246537396835,-0.22401464192762988,14.39
14.31,14.555,7444375,14.44,2019-10-02,-0.01433447098976115,-0.060007730175704266,14.53
14.64,15.395,7919613,14.65,2019-10-01,-0.03427818061964405,-0.2904494487723369,15.31
14.99,15.32,11161450,15.17,2019-09-30,0.011333333333333417,0.09161595289213254,15.0
14.69,15.1,10224704,15.0,2019-09-27,0.025290498974709363,0.4624059956805926,14.74
14.35,14.7,6991700,14.63,2019-09-26,0.00274160383824551,-0.13619348910027573,14.53
14.19,14.67,8094058,14.59,2019-09-25,0.023859649122806914,-0.4970828029150348,14.25
14.14,14.57,16094216,14.25,2019-09-24,-0.01041666666666674,0.3310442172181416,14.43
14.21,14.485,12091421,14.4,2019-09-23,-0.0020790020790020236,-0.38334447500783353,14.3
14.35,14.93,19608064,14.43,2019-09-20,-0.028282828282828243,0.3479977335452762,14.87
14.69,14.97,14546066,14.85,2019-09-19,0.00746268656716409,0.1428721158932751,14.79
14.62,14.99,12727641,14.74,2019-09-18,-0.016677785190126748,0.7535229197476112,14.87
14.75,15.01,7258326,14.99,2019-09-17,-0.008597883597883493,-0.3657937737516297,15.01
15.09,15.37,11444741,15.12,2019-09-16,-0.013054830287206332,0.24009295544081022,15.19
15.21,15.4,9228938,15.32,2019-09-13,-0.0026041666666666297,0.08572956599466042,15.35
15.1,15.455,8500218,15.36,2019-09-12,-0.0006506180871828082,0.07213789408255611,15.34
14.92,15.4,7928288,15.37,2019-09-11,0.018555334658714395,-0.2380086105359167,15.15
14.86,15.17,10404695,15.09,2019-09-10,0.00936454849498336,-0.19368707833460852,14.86
14.63,15.04,12904041,14.95,2019-09-09,0.026080988332189303,0.500555903960541,14.66
14.39,14.61,8599507,14.57,2019-09-06,0.011805555555555625,-0.08325990996883015,14.47
13.91,14.5,9380529,14.4,2019-09-05,0.047272727272727355,0.3528355160156309,13.95
13.53,13.78,6933976,13.75,2019-09-04,0.01927353595255754,-0.12311655622120854,13.61
13.375,13.75,7907523,13.49,2019-09-03,-0.02387843704775683,-0.10559946830404165,13.67
13.68,13.92,8841143,13.82,2019-08-30,0.01023391812865504,-0.21033852983685952,13.85
13.63,13.82,11196118,13.68,2019-08-29,0.023186237845923774,-0.2547076372557314,13.69
13.09,13.829,15022451,13.37,2019-08-28,0.03402938901778807,0.054787035538487405,13.5
12.87,13.17,14242165,12.93,2019-08-27,-0.0007727975270478415,0.6347371302672515,13.05
12.79,13.06,8712205,12.94,2019-08-26,0.014901960784313717,-0.2818236074325221,12.92
12.69,13.28,12131010,12.75,2019-08-23,-0.037735849056603765,0.5354338631805642,13.03
13.03,13.32,7900705,13.25,2019-08-22,0.01377199693955622,0.06004128425288191,13.16
12.94,13.235,7453205,13.07,2019-08-21,0.01004636785162294,0.465882537124475,13.13
12.87,13.06,5084449,12.94,2019-08-20,-0.012967200610221163,-0.2934503882414069,12.94
12.99,13.2201,7196167,13.11,2019-08-19,0.024218749999999956,-0.33483983007936813,12.99
12.73,12.885,10818698,12.8,2019-08-16,0.009463722397476504,-0.018687989399829186,12.8
12.52,12.97,11024728,12.68,2019-08-15,-0.013996889580093264,-0.024441333984842717,12.88
12.84,13.16,11300938,12.86,2019-08-14,-0.040298507462686595,-0.062019283282852555,13.11
13.03,13.68,12048156,13.4,2019-08-13,0.024464831804281273,0.7976151470390762,13.09
13.0,13.29,6702300,13.08,2019-08-12,-0.023151605675877596,-0.4053907406927677,13.24
13.29,13.55,11271772,13.39,2019-08-09,-0.011808118081180874,0.03654368588486223,13.46
13.11,13.58,10874382,13.55,2019-08-08,0.03751914241960175,0.35487611180911105,13.14
12.77,13.14,8026108,13.06,2019-08-07,-0.0007651109410864443,-0.1634726154574131,12.88
12.92,13.2,9594555,13.07,2019-08-06,0.01317829457364339,-0.3691082116725326,13.17
12.6105,13.11,15207925,12.9,2019-08-05,-0.02788244159758846,-0.2983145763361883,13.02
13.02,13.84,21673423,13.27,2019-08-02,-0.0615275813295616,1.7420415861653904,13.74
14.105,14.709,7904119,14.14,2019-08-01,-0.016005567153792533,-0.05059037519253062,14.33
14.23,14.665,8325299,14.37,2019-07-31,-0.01642710472279263,0.5523964877754799,14.63
14.51,14.76,5362869,14.61,2019-07-30,-0.0034106412005457942,-0.1130605071902896,14.56
14.56,14.745,6046488,14.66,2019-07-29,0.002050580997949414,-0.12282199307889008,14.59
14.46,14.73,6893114,14.63,2019-07-26,0.008270158511371584,-0.2187038723560285,14.54
14.435,14.72,8822665,14.51,2019-07-25,-0.015603799185888723,0.09354794608329997,14.72
14.59,14.845,8067927,14.74,2019-07-24,0.008898015058179443,-0.08018776287509366,14.64
14.37,14.655,8771276,14.61,2019-07-23,0.02167832167832162,-0.26629383308881416,14.4
14.26,14.87,11954753,14.3,2019-07-22,-0.03638814016172498,1.0736735673750548,14.8
14.78,14.96,5765012,14.84,2019-07-19,0.006101694915254141,-0.3035227179785118,14.79
14.6,14.82,8277387,14.75,2019-07-18,0.004084411164057222,0.16569682371268835,14.61
14.67,14.85,7100806,14.69,2019-07-17,-0.008102633355840716,0.014905410118172924,14.8
14.785,15.03,6996520,14.81,2019-07-16,-0.010026737967914423,0.5027316066520786,14.98
14.87,15.05,4655868,14.96,2019-07-15,0.0033534540576793948,-0.4224828014446774,14.89
14.64,14.975,8061869,14.91,2019-07-12,0.021232876712328874,-0.3764746127768631,14.64
14.48,14.875,12929496,14.6,2019-07-11,-0.011509817197020933,0.8256530776585149,14.79
14.76,15.13,7082121,14.77,2019-07-10,-0.00672494956287828,-0.05351846028447149,15.01
14.655,14.94,7482577,14.87,2019-07-09,-0.010645375914837052,0.019030097610707175,14.92
14.855,15.08,7342842,15.03,2019-07-08,-0.009228740936058077,0.22004093696773674,15.08
15.025,15.29,6018521,15.17,2019-07-05,-0.007848266841072538,-0.005045592343382643,15.16
15.045,15.315,6049042,15.29,2019-07-03,0.013925729442970658,-0.18746717451966333,15.07
14.965,15.22,7444674,15.08,2019-07-02,-0.003963011889035695,-0.2718306324190699,15.13
15.04,15.485,10223822,15.14,2019-07-01,0.012709030100334529,-0.5020820239666159,15.24
14.94,15.17,20533145,14.95,2019-06-28,-0.0013360053440214514,2.304084674597508,15.03
14.94,15.22,6214473,14.97,2019-06-27,0.0006684491978610207,-0.26084983667142747,14.99
14.86,15.12,8407592,14.96,2019-06-26,0.013550135501354976,0.022414311187285207,14.87
14.75,15.015,8223273,14.76,2019-06-25,-0.016655562958027947,0.2074468053865346,14.96
14.95,15.11,6810464,15.01,2019-06-24,0.0046854082998661895,-0.5618062082618287,15.02
14.84,15.06,15542128,14.94,2019-06-21,-0.0040000000000000036,0.5483041616582798,15.03
14.74,15.04,10038162,15.0,2019-06-20,0.01971447994561526,0.04158900876734428,14.98
14.61,14.84,9637354,14.71,2019-06-19,0.008224811514736086,0.17928297285374906,14.67
14.375,14.74,8172215,14.59,2019-06-18,0.020279720279720248,-0.17480397061119246,14.41
14.11,14.43,9903362,14.3,2019-06-17,0.010600706713780994,0.6699543481556389,14.18
14.05,14.25,5930319,14.15,2019-06-14,-0.013937282229965153,-0.1758079427271535,14.25
14.17,14.36,7195312,14.35,2019-06-13,0.014851485148514865,0.2159117159631725,14.21
14.11,14.31,5917627,14.14,2019-06-12,-0.008415147265077083,-0.17192636648807902,14.25
14.11,14.4085,7146257,14.26,2019-06-11,0.0,-0.19203531038250432,14.27
14.18,14.39,8844764,14.26,2019-06-10,0.012065294535131388,-0.0075469957831123535,14.18
13.89,14.16,8912023,14.09,2019-06-07,0.0071479628305932685,-0.14670654181984089,13.98
13.69,14.055,10444265,13.99,2019-06-06,-0.00709723207948898,0.17166025003385088,13.99
13.92,14.36,8914073,14.09,2019-06-05,-0.002830856334041121,0.0003409256051625231,14.33
13.82,14.175,8911035,14.13,2019-06-04,0.03214024835646456,-0.1970572819121621,13.85
13.55,13.875,11097971,13.69,2019-06-03,-0.0021865889212828726,-0.20655033092185393,13.74
13.59,13.98,13986988,13.72,2019-05-31,-0.035161744022503494,0.5470151662254679,13.95
14.135,14.36,9041274,14.22,2019-05-30,0.006369426751592355,0.08548880753405563,14.25
13.99,14.285,8329219,14.13,2019-05-29,-0.0028228652081861982,-0.49627355648430804,14.06
14.145,14.63,16535203,14.17,2019-05-28,-0.015288394718554588,-0.3337728458009892,14.44
14.28,15.17,24819167,14.39,2019-05-24,0.004888268156424624,0.9977347246039914,14.28
14.27,14.54,12423655,14.32,2019-05-23,-0.02651257647858607,0.40861551495204584,14.52
14.67,15.21,8819763,14.71,2019-05-22,-0.035409836065573685,-0.20811666317252975,15.17
14.86,15.31,11137705,15.25,2019-05-21,0.03389830508474567,-0.023685330479172095,14.88
14.37,14.87,11407905,14.75,2019-05-20,0.008891928864569243,-0.301428085653909,14.4
14.47,14.92,16330323,14.62,2019-05-17,0.006194081211287061,0.1538053592174402,14.62
14.43,14.68,14153447,14.53,2019-05-16,0.007628294036061023,-0.07409135203906736,14.44
14.05,14.445,15286008,14.42,2019-05-15,0.012640449438202195,0.6659248150193409,14.06
14.19,14.395,9175689,14.24,2019-05-14,0.005649717514124353,-0.256805670693654,14.19
14.09,14.53,12346285,14.16,2019-05-13,-0.04259634888438124,-0.15687810354535292,14.45
14.77,15.185,14643535,14.79,2019-05-10,-0.028252299605782016,0.9458983481663406,15.08
14.865,15.23,7525334,15.22,2019-05-09,-0.008469055374592749,0.3547211963502461,15.17
15.33,15.54,5554895,15.35,2019-05-08,-0.005184705119896327,-0.26576396885670084,15.42
15.33,15.62,7565544,15.43,2019-05-07,-0.014687100893997496,0.36472424360659583,15.47
15.45,15.73,5543643,15.66,2019-05-06,-0.016949152542372836,0.0786833844819923,15.59
15.77,15.96,5139268,15.93,2019-05-03,0.012071156289707785,0.006640464170443394,15.78
15.64,15.97,5105366,15.74,2019-05-02,-0.0031665611146294292,-0.22761698418838805,15.81
15.78,16.07,6609889,15.79,2019-05-01,-0.0012650221378874837,-0.36350704073180395,15.95
15.53,15.81,10384858,15.81,2019-04-30,0.006365372374283806,0.33225511347286907,15.68
15.67,15.965,7794947,15.71,2019-04-29,-0.0038046924540265925,-0.3287959516347482,15.73
15.595,15.94,11613379,15.77,2019-04-26,-0.014990630855715281,0.18718614784109988,15.87
15.935,16.31,9782273,16.01,2019-04-25,-0.015980331899200895,0.06943666574215057,16.26
16.26,16.61,9147127,16.27,2019-04-24,-0.015728977616454975,-0.11294668677047259,16.51
16.5,16.69,10311812,16.53,2019-04-23,-0.003616636528028905,0.9012378183598906,16.61
16.58,16.68,5423736,16.59,2019-04-22,-0.004201680672268893,-0.43662332312232655,16.66
16.515,16.71,9627193,16.66,2019-04-18,0.005431502715751435,0.05363908063488054,16.59
16.43,16.69,9137088,16.57,2019-04-17,-0.001807228915662762,-0.3561311585616572,16.63
16.48,16.695,14190915,16.6,2019-04-16,0.006670709520921969,1.7116394634854188,16.5
16.36,16.5,5233334,16.49,2019-04-15,0.005487804878048674,-0.0012900531937022341,16.36
16.29,16.48,5240094,16.4,2019-04-12,0.007990165949600447,-0.24984463902641885,16.39
16.1,16.325,6985345,16.27,2019-04-11,0.0,0.23534919041317348,16.18
15.94,16.27,5654551,16.27,2019-04-10,0.02006269592476495,0.12664000903774508,15.97
15.9,16.14,5018951,15.95,2019-04-09,-0.014823965410747486,-0.21751074939317128,16.12
16.0621,16.26,6414083,16.19,2019-04-08,0.002476780185758587,0.05427541446426121,16.14
16.0,16.17,6083878,16.15,2019-04-05,0.004978220286247614,-0.36053731918709253,16.01
15.85,16.11,9514047,16.07,2019-04-04,0.013880126182965302,-0.2208508424007044,15.9
15.74,16.08,12210816,15.85,2019-04-03,0.0018963337547408532,0.8830484532584892,16.02
15.815,16.01,6484600,15.82,2019-04-02,-0.005031446540880502,-0.41026300254762094,15.93
15.54,15.91,10995749,15.9,2019-04-01,0.030460142579390892,0.10651151000507086,15.55
15.325,15.46,9937311,15.43,2019-03-29,0.011140235910878094,0.02984135426169665,15.42
15.23,15.535,9649361,15.26,2019-03-28,0.0,0.24959673555228057,15.35
15.17,15.435,7721980,15.26,2019-03-27,-0.003265839320705455,-0.16740452513901427,15.36
15.18,15.455,9274588,15.31,2019-03-26,0.010561056105610644,-0.2526980611346731,15.19
15.05,15.38,12410764,15.15,2019-03-25,-0.009156311314584609,0.005307877037921571,15.3
15.27,15.94,12345237,15.29,2019-03-22,-0.04556803995006242,-0.3033660065050654,15.8
15.89,16.12,17721267,16.02,2019-03-21,0.00945179584120992,0.7119163755795781,15.89
15.77,16.04,10351713,15.87,2019-03-20,-0.0006297229219144329,-0.33225856578554647,15.87
15.831,16.04,15502577,15.88,2019-03-19,0.002525252525252597,0.34577581278942926,15.9
15.74,16.11,11519435,15.84,2019-03-18,-0.01431238332296203,-0.43053003100352505,16.0
15.66,16.105,20228345,16.07,2019-03-15,0.02618135376756059,1.0033241263336365,15.66
15.49,15.715,10097390,15.66,2019-03-14,0.009020618556700999,-0.10690192999733061,15.59
15.32,15.59,11306026,15.52,2019-03-13,0.013716525146962644,-0.3603978083407532,15.38
15.13,15.49,17676653,15.31,2019-03-12,-0.036500943989930756,0.5122413795758456,15.35
15.635,15.93,11689042,15.89,2019-03-11,0.017937219730941756,0.49815874145377137,15.64
15.415,15.665,7802272,15.61,2019-03-08,-0.0038289725590300305,-0.4508509753565825,15.52
15.6,15.94,14207932,15.67,2019-03-07,-0.018170426065162948,1.2398000565312604,15.86
15.94,16.14,6343393,15.96,2019-03-06,-0.01115241635687736,-0.5998660583678701,16.11
15.92,16.24,15853174,16.14,2019-03-05,-0.0012376237623762387,0.08240180638199712,16.09
15.94,16.52,14646293,16.16,2019-03-04,-0.013431013431013383,-0.33060356129514423,16.45
16.255,16.54,21879849,16.38,2019-03-01,0.0,0.6220055332417056,16.54
16.34,16.65,13489380,16.38,2019-02-28,-0.01916167664670665,0.6094536661853993,16.6
16.695,16.815,8381341,16.7,2019-02-27,-0.005952380952381042,-0.16599306671007852,16.75
16.71,16.97,10049486,16.8,2019-02-26,0.0023866348448686736,-0.23346168103967746,16.73
16.345,16.92,13110220,16.76,2019-02-25,0.026960784313725616,-0.4167652573383357,16.35
16.01,16.5,22478462,16.32,2019-02-22,0.005545286506469571,0.41288064590662743,16.5
16.03,16.39,15909668,16.23,2019-02-21,0.01121495327102795,0.6219322438193253,16.11
16.03,16.22,9809083,16.05,2019-02-20,-0.0024860161591049312,0.14206630401992526,16.1
15.98,16.13,8588891,16.09,2019-02-19,0.0,-0.2802208222380983,16.03
15.99,16.24,11932675,16.09,2019-02-15,0.0062539086929329635,0.4974547720702083,16.11
15.86,16.13,7968638,15.99,2019-02-14,-0.0037383177570093906,-0.3329249835086274,15.91
16.03,16.24,11945640,16.05,2019-02-13,0.0031250000000000444,-0.1408788299144852,16.1
15.97,16.15,13904488,16.0,2019-02-12,0.010101010101010166,0.7511845962624655,16.01
15.83,16.045,7940047,15.84,2019-02-11,-0.005025125628140725,-0.0055934411636040515,15.91
15.62,15.925,7984709,15.92,2019-02-08,0.00441640378548902,0.30138523939026785,15.66
15.75,16.095,6135546,15.85,2019-02-07,-0.014916096954630254,-0.1429613073433229,15.91
15.9,16.19,7159007,16.09,2019-02-06,0.012586532410320928,0.0804831637071508,15.94
15.78,16.099,6625746,15.89,2019-02-05,0.0063331222292590805,-0.27932658286115053,15.79
15.58,15.85,9193826,15.79,2019-02-04,0.006373486297004405,0.004555330532165502,15.73
15.565,15.81,9152135,15.69,2019-02-01,0.006414368184733732,-0.23386182024446744,15.69
15.35,15.65,11945802,15.59,2019-01-31,0.0045103092783504994,0.5212917516883677,15.47
15.275,15.67,7852407,15.52,2019-01-30,0.009759271307742345,-0.6240042278657609,15.48
15.365,15.86,20884296,15.37,2019-01-29,-0.0185185185185186,-0.2880947672741353,15.75
15.07,15.67,29335781,15.66,2019-01-28,0.020195439739413734,0.6440647731385518,15.11
14.905,15.38,17843446,15.35,2019-01-25,0.0399728997289972,1.5174371513532634,14.94
14.44,14.88,7087941,14.76,2019-01-24,0.02216066481994461,0.03755305829653399,14.48
14.32,14.69,6831401,14.44,2019-01-23,-0.0006920415224913601,-0.2837408655060476,14.52
14.35,14.66,9537611,14.45,2019-01-22,-0.01566757493188009,0.06734173730437654,14.66
14.38,14.75,8935855,14.68,2019-01-18,0.028731604765241725,0.432032634719983,14.38
14.1,14.4,6239980,14.27,2019-01-17,-0.0034916201117318746,-0.4908948204908965,14.26
13.73,14.37,12256760,14.32,2019-01-16,-0.008310249307479145,0.8060638192374245,13.77
14.17,14.49,6786449,14.44,2019-01-15,0.0197740112994349,-0.24260562586479095,14.21
14.01,14.3067,8960258,14.16,2019-01-14,-0.005617977528089901,0.37697448383000576,14.11
13.89,14.26,6507207,14.24,2019-01-11,0.007784854918612805,-0.2394704723022134,14.04
13.88,14.14,8556153,14.13,2019-01-10,0.004978662873399653,0.11581032972022953,13.99
13.88,14.195,7668107,14.06,2019-01-09,0.018840579710144967,-0.39775190552156725,13.88
13.685,14.31,12732472,13.8,2019-01-08,-0.019189765458422103,0.5861140686665265,14.19
13.75,14.17,8027463,14.07,2019-01-07,0.019565217391304346,-0.28816177650101016,13.82
13.45,13.92,11277089,13.8,2019-01-04,0.047040971168437196,-0.05406793293791334,13.51
12.93,13.37,11921669,13.18,2019-01-03,-0.0208023774145617,0.09720026697256356,13.28
12.95,13.64,10865536,13.46,2019-01-02,0.018925056775170424,0.6835912569135787,12.95
13.03,13.255,6453785,13.21,2018-12-31,0.013814274750575617,-0.260479505753762,13.17
12.97,13.315,8726986,13.03,2018-12-28,-0.005343511450381699,0.07075851589956872,13.21
12.54,13.12,8150284,13.1,2018-12-27,0.022638563622170205,-0.20965011702588998,12.69
12.0868,12.86,10312248,12.81,2018-12-26,0.044009779951100336,0.9095998788196171,12.34
12.225,12.595,5400214,12.27,2018-12-24,-0.026962727993655844,-0.7876241626775348,12.46
12.485,13.0,25427629,12.61,2018-12-21,-0.003162055335968472,0.3723641189658653,12.66
12.595,13.16,18528340,12.65,2018-12-20,-0.039483675018982534,0.29569889427751184,13.08
13.07,13.84,14299881,13.17,2018-12-19,-0.03374908290535594,0.11674084204365909,13.59
13.54,13.93,12805013,13.63,2018-12-18,0.0029433406916852256,-0.2499737007835644,13.71
13.55,14.27,17072752,13.59,2018-12-17,-0.044303797468354444,0.5289689783064693,14.17
14.2,14.46,11166186,14.22,2018-12-14,-0.01863354037267073,-0.1318560152061835,14.35
14.44,14.93,12862136,14.49,2018-12-13,-0.010245901639344246,-0.08926793408754352,14.65
14.63,14.99,14122854,14.64,2018-12-12,-0.006784260515603768,-0.13587804979677354,14.96
14.38,14.83,16343589,14.74,2018-12-11,0.011667810569663706,0.16344160147236297,14.58
14.19,14.845,14047623,14.57,2018-12-10,-0.009517335146159156,-0.23943345584226394,14.62
14.66,15.97,18469946,14.71,2018-12-07,-0.08177278401997501,-0.36609334956532646,15.97
14.56,16.26,29136697,16.02,2018-12-06,0.06445182724252474,0.5878706175811155,14.81
14.98,15.54,18349541,15.05,2018-12-04,-0.029032258064516037,0.2360669373597475,15.42
15.22,15.53,14845103,15.5,2018-12-03,0.03333333333333344,-0.2918479311107578,15.26
14.77,15.14,20963157,15.0,2018-11-30,-0.007936507936507908,0.9193500865408633,15.09
15.1,15.42,10922008,15.12,2018-11-29,-0.02199223803363526,-0.18730349028414672,15.4
14.9,15.46,13439221,15.46,2018-11-28,0.026560424966799445,0.7292021791269081,15.18
14.76,15.06,7771920,15.06,2018-11-27,0.010060362173038184,-0.21920541377917713,14.79
14.69,14.985,9953860,14.91,2018-11-26,0.025447042640990514,2.42128056820041,14.72
14.49,14.715,2909396,14.54,2018-11-23,-0.010884353741496655,-0.6637437505186472,14.56
14.63,14.93,8652318,14.7,2018-11-21,0.011699931176875511,-0.2343554353899202,14.64
14.405,14.8,11300698,14.53,2018-11-20,-0.020229265003371633,-0.11072063928469211,14.6
14.7,15.215,12707703,14.83,2018-11-19,-0.02434210526315783,0.1396391972942892,15.1
15.1,15.35,11150637,15.2,2018-11-16,-0.007832898172323799,-0.2702456965280339,15.28
14.89,15.48,15279988,15.32,2018-11-15,0.011221122112211157,-0.05884670319223062,15.07
15.11,15.675,16235387,15.15,2018-11-14,-0.012385919165580184,0.7059350202931554,15.48
15.2446,15.61,9517002,15.34,2018-11-13,0.003926701570680757,-0.005669884978691475,15.31
15.19,15.605,9571270,15.28,2018-11-12,-0.027989821882951738,-0.10728173043112477,15.58
15.565,16.195,10721490,15.72,2018-11-09,-0.0326153846153846,0.4900322772297867,16.13
16.15,16.5187,7195475,16.25,2018-11-08,0.0006157635467980427,-0.6102160636393081,16.19
15.84,16.25,18460163,16.24,2018-11-07,0.022670025188916698,0.4148677528043987,16.03
15.83,16.07,13047271,15.88,2018-11-06,-0.003138731952291196,1.0815202902932208,15.93
15.68,16.01,6268145,15.93,2018-11-05,0.0025173064820640523,-0.5860059100450224,15.89
15.7346,16.095,15140663,15.89,2018-11-02,0.0056962025316456,1.4956473135549584,15.83
15.24,15.8,6066828,15.8,2018-11-01,0.0360655737704918,-0.36455805052990786,15.24
15.14,15.52,9547415,15.25,2018-10-31,0.021433355659745468,0.1506985606949931,15.14
14.51,14.94,8297060,14.93,2018-10-30,0.024708304735758357,0.03397306605005079,14.57
14.36,15.05,8024445,14.57,2018-10-29,-0.004101161995898828,-0.2335477892365665,14.8
14.476,14.98,10469596,14.63,2018-10-26,-0.03432343234323432,0.28056719940888586,14.97
15.08,15.345,8175749,15.15,2018-10-25,0.003976143141153132,0.006924294974325562,15.2
15.06,15.795,8119527,15.09,2018-10-24,-0.03578274760383393,-0.10591169945254819,15.63
15.31,15.75,9081348,15.65,2018-10-23,-0.011994949494949503,0.15221976826818784,15.53
15.52,15.89,7881611,15.84,2018-10-22,0.02590673575129543,0.029917967075234975,15.54
15.34,15.63,7652659,15.44,2018-10-19,0.0071754729288975305,-0.07522491718284019,15.35
15.1,15.53,8275157,15.33,2018-10-18,-0.01224226804123707,0.3279147416279975,15.4
15.31,15.65,6231693,15.52,2018-10-17,0.0006447453255964408,0.020036053307038948,15.59
15.27,15.54,6109287,15.51,2018-10-16,0.011082138200782188,-0.3462330226810849,15.45
15.24,15.51,9344747,15.34,2018-10-15,-0.005188067444876765,-0.4370255516591086,15.42
14.89,15.46,16598883,15.42,2018-10-12,0.05399863294600138,0.8288909960502111,14.92
14.55,15.16,9075928,14.63,2018-10-11,-0.03176704169424216,-0.16434921199052377,15.06
15.09,15.77,10860910,15.11,2018-10-10,-0.03696622052262588,-0.10047446410452576,15.65
15.59,15.92,12074043,15.69,2018-10-09,-0.012586532410321039,0.3427836092013157,15.87
15.86,16.15,8991801,15.89,2018-10-08,-0.015489467162329573,-0.2972246088439269,16.07
16.04,17.02,12794701,16.14,2018-10-05,-0.04213649851632051,0.24671102248867838,16.81
16.78,17.0,10262764,16.85,2018-10-04,0.005970149253731405,-0.0299928422165745,16.79
16.46,16.91,10580091,16.75,2018-10-03,0.01330913490623109,0.09791706791835053,16.54
16.14,16.63,9636512,16.53,2018-10-02,0.02163164400494444,-0.017549511660576278,16.14
16.13,16.52,9808649,16.18,2018-10-01,-0.00797057020232983,-0.21455537270477043,16.37
16.17,16.43,12488021,16.31,2018-09-28,0.001842751842751733,-0.0020901892237747965,16.25
16.25,16.63,12514178,16.28,2018-09-27,-0.013930950938825015,0.4064153159303996,16.63
16.495,16.72,8897925,16.51,2018-09-26,-0.0024169184290029344,-0.501382389471044,16.59
16.53,16.965,17845188,16.55,2018-09-25,-0.021867612293144267,1.4474661620280962,16.87
16.86,17.025,7291291,16.92,2018-09-24,-0.005875440658049236,-0.7270161835764799,17.0
16.92,17.27,26709609,17.02,2018-09-21,0.00889152341434496,2.060831916727651,16.95
16.68,16.98,8726258,16.87,2018-09-20,0.013822115384615419,0.2699148515687191,16.7
16.55,16.7,6871530,16.64,2018-09-19,0.005438066465256686,0.028649057281647794,16.57
16.265,16.68,6680150,16.55,2018-09-18,0.016584766584766486,-0.2309808745323968,16.31
16.23,16.68,8686585,16.28,2018-09-17,-0.018094089264173552,0.08037586986414502,16.58
16.475,16.66,8040336,16.58,2018-09-14,0.002418379685610539,-0.27926692677111187,16.55
16.435,16.73,11155775,16.54,2018-09-13,0.008536585365853666,0.9869571691309398,16.5
16.25,16.47,5614502,16.4,2018-09-12,-0.003039513677811634,-0.2941021307936693,16.39
16.16,16.48,7953703,16.45,2018-09-11,0.0024375380865324647,-0.3645326128224434,16.28
16.26,16.55,12516304,16.41,2018-09-10,-0.007259528130671544,0.22359239213052517,16.54
16.39,16.8,10229145,16.53,2018-09-07,0.000605326876513379,0.2118771757560709,16.49
16.42,16.62,8440744,16.52,2018-09-06,-0.0042194092827004814,-0.37817018689053705,16.56
16.24,16.7,13574042,16.59,2018-09-05,-0.0047990401919617565,0.35517777842782094,16.69
16.17,16.715,10016429,16.67,2018-09-04,0.008469449485783542,-0.061756291518269224,16.42
16.4,16.77,10675722,16.53,2018-08-31,-0.01548540798094089,-0.34052099333368957,16.77
16.72,17.08,16188115,16.79,2018-08-30,0.004787552363853864,-0.36103948994988333,16.74
16.65,17.59,25335079,16.71,2018-08-29,-0.0017921146953403522,1.3136656989513424,17.03
16.51,16.8,10950190,16.74,2018-08-28,0.017629179331307032,-0.2032712894950487,16.53
16.26,16.64,13743938,16.45,2018-08-27,0.015432098765432167,0.43750320966085177,16.37
15.98,16.31,9560979,16.2,2018-08-24,0.006211180124223503,-0.3840522326915463,16.16
15.795,16.46,15522386,16.1,2018-08-23,0.017699115044247815,0.8632055581249383,15.81
15.72,15.92,8331011,15.82,2018-08-22,0.0025348542458809575,-0.49915777939922223,15.76
15.74,16.47,16634003,15.78,2018-08-21,-0.05622009569377984,0.7691150055363272,16.47
16.59,16.96,9402443,16.72,2018-08-20,0.0029994001199757925,-0.24174244247913212,16.74
16.2075,16.795,12400065,16.67,2018-08-17,0.02458512599877083,0.16270924085517557,16.25
16.025,16.39,10664803,16.27,2018-08-16,0.014971927635683002,0.037843297461796155,16.12
15.79,16.09,10275928,16.03,2018-08-15,0.00250156347717323,0.9827035112003466,15.86
15.7,16.02,5182786,15.99,2018-08-14,0.021072796934865856,0.02841952200626885,15.7
15.66,15.97,5039564,15.66,2018-08-13,-0.011987381703470024,0.0004800337333878968,15.85
15.78,16.085,5037146,15.85,2018-08-10,-0.01613904407200495,0.4375794113315761,15.98
16.06,16.225,3503908,16.11,2018-08-09,-0.0030940594059406523,-0.2487289270328109,16.14
16.07,16.29,4663973,16.16,2018-08-08,0.0018598884066955979,0.06083167956511115,16.14
16.02,16.23,4396525,16.13,2018-08-07,0.0074953154278574186,-0.158416457540136,16.05
15.85,16.045,5224110,16.01,2018-08-06,0.001877346683354153,-0.2937717768268472,15.93
15.59,15.9999,7397198,15.98,2018-08-03,0.027652733118971096,-0.04590103122994338,15.61
15.32,15.57,7753072,15.55,2018-08-02,0.006472491909385258,0.3746198909002001,15.35
15.37,15.61,5640157,15.45,2018-08-01,0.0006476683937823857,-0.1511823970965226,15.42
15.37,15.55,6644722,15.44,2018-07-31,-0.0006472491909385036,0.3450753506502078,15.45
15.32,15.64,4940037,15.45,2018-07-30,-0.008980115458627314,-0.14137606490731192,15.58
15.53,15.89,5753435,15.59,2018-07-27,-0.006373486297004405,0.15750051100799745,15.76
15.48,15.77,4970568,15.69,2018-07-26,0.013565891472868241,-0.17558757551758308,15.49
15.23,15.49,6029225,15.48,2018-07-25,0.0117647058823529,-0.19417321702274626,15.24
15.25,15.665,7482036,15.3,2018-07-24,-0.01098901098901095,-0.43083187606100426,15.61
15.27,15.55,13145564,15.47,2018-07-23,0.0,0.9450664016735286,15.41
15.405,15.615,6758414,15.47,2018-07-20,-0.010869565217391353,-0.4138465287842007,15.59
15.61,16.155,11530110,15.64,2018-07-19,-0.01820464532328936,0.6489528677133389,15.93
15.65,15.95,6992383,15.93,2018-07-18,0.01724137931034475,-0.21283896053603268,15.69
15.56,15.8,8883040,15.66,2018-07-17,0.0012787723785165905,-0.17274494154854225,15.59
15.335,15.65,10737970,15.64,2018-07-16,0.009683666881859176,0.21909246271102711,15.45
15.3,15.53,8808167,15.49,2018-07-13,0.006497725795971299,0.8505182319230191,15.34
15.12,15.47,4759838,15.39,2018-07-12,0.01920529801324511,-0.4545018423795898,15.15
15.08,15.35,8725672,15.1,2018-07-11,-0.02580645161290329,-0.2819180733679193,15.31
15.2,15.535,12151360,15.5,2018-07-10,0.017728168089297336,0.90999717383493,15.24
14.99,15.315,6361978,15.23,2018-07-09,0.016688918558077415,0.15089888733995993,15.04
14.73,15.05,5527834,14.98,2018-07-06,0.010796221322537214,-0.41651175651174177,14.88
14.57,14.84,9473771,14.82,2018-07-05,0.003385240352065111,0.9952346142189912,14.8
14.75,14.92,4748199,14.77,2018-07-03,-0.002027027027027062,-0.3301738935636189,14.79
14.46,14.84,7088704,14.8,2018-07-02,0.013004791238877544,-0.39384431708952405,14.5
14.61,14.85,11694527,14.61,2018-06-29,-0.00679809653297081,-0.20656367656965458,14.77
14.475,14.77,14739087,14.71,2018-06-28,-0.0006793478260869179,0.02900838428485386,14.71
14.72,15.25,14323583,14.72,2018-06-27,-0.02966381015161501,0.7952605196380196,15.22
15.06,15.55,7978554,15.17,2018-06-26,0.006635700066357053,-0.500491428964239,15.11
14.94,15.23,15972807,15.07,2018-06-25,-0.011154855643044637,0.7206195253088061,15.17
15.225,15.52,9283172,15.24,2018-06-22,-0.011673151750972721,-0.36007891501504985,15.49
15.14,15.49,14506745,15.42,2018-06-21,0.017821782178217838,-0.006648117655138841,15.2
15.13,15.99,14603833,15.15,2018-06-20,-0.047169811320754707,0.731816636421194,15.95
15.67,15.93,8432667,15.9,2018-06-19,-0.0006285355122563896,-0.3022021097117641,15.7
15.685,16.06,12084684,15.91,2018-06-18,-0.0025078369905955356,-0.5171990886110459,15.8
15.62,15.95,25030367,15.95,2018-06-15,0.00821744627054355,1.098696395778655,15.8
15.75,16.12,11926626,15.82,2018-06-14,0.0018999366687777464,0.4134709295483472,15.87
15.7,15.89,8437829,15.79,2018-06-13,0.0,-0.06357040826960214,15.76
15.78,16.0,9010639,15.79,2018-06-12,-0.014357053682896415,-0.22583531686435532,15.92
15.96,16.18,11639176,16.02,2018-06-11,0.0006246096189879147,0.46933765042841036,15.96
15.7868,16.02,7921376,16.01,2018-06-08,0.005653266331658413,0.01633917661060491,15.82
15.82,16.06,7794028,15.92,2018-06-07,-0.006242197253433224,-0.3711971237494782,15.98
15.725,16.11,12395026,16.02,2018-06-06,-0.002490660024906499,-0.4466019556184182,16.11
15.45,16.13,22398030,16.06,2018-06-05,0.03346203346203347,0.8303814474523998,15.5
15.37,15.74,12236810,15.54,2018-06-04,0.0006439150032195862,0.12298186829201319,15.5
15.32,15.53,10896712,15.53,2018-06-01,0.019028871391076008,-0.24580076695444475,15.33
15.12,15.59,14448055,15.24,2018-05-31,-0.021194605009633882,0.20151244626769982,15.53
15.32,15.665,12024890,15.57,2018-05-30,0.012353706111833507,0.23624084762176945,15.47
15.26,15.4861,9726980,15.38,2018-05-29,-0.009020618556700999,-0.32505499942233695,15.43
15.44,15.82,14411515,15.52,2018-05-25,-0.015228426395939132,-0.5117389204676162,15.75
15.16,15.81,29516002,15.76,2018-05-24,0.011553273427471034,-0.47344750960990345,15.55
15.45,16.95,56055194,15.58,2018-05-23,-0.10511200459506032,2.886987419393223,16.85
17.41,17.68,14421244,17.41,2018-05-22,-0.005711022272986921,1.3272172497440606,17.55
17.48,17.74,6196776,17.51,2018-05-21,-0.0028473804100226374,-0.08667821096830497,17.66
17.48,17.67,6784877,17.56,2018-05-18,-0.00622524052065665,-0.36005358481183913,17.66
17.435,17.76,10602258,17.67,2018-05-17,0.0022688598979014873,-0.30522282525357247,17.68
17.37,17.68,15259940,17.63,2018-05-16,0.013218390804597746,0.8240972804706428,17.41
17.285,17.53,8365749,17.4,2018-05-15,-0.010801591813530464,-0.010677927096388595,17.48
17.59,17.82,8456042,17.59,2018-05-14,-0.004527447651386685,-0.2645830303898943,17.75
17.61,17.78,11498296,17.67,2018-05-11,0.0011331444759208331,-0.06504494873003719,17.66
17.5,17.7,12298234,17.65,2018-05-10,0.0028409090909089496,-0.05499264901544143,17.67
17.34,17.67,13013903,17.6,2018-05-09,0.012075905692926936,0.048821920170791344,17.4
17.205,17.43,12408115,17.39,2018-05-08,0.005202312138728349,0.1832192496010676,17.25
17.19,17.45,10486742,17.3,2018-05-07,0.005229517722254551,0.7004804174006218,17.24
16.78,17.255,6166929,17.21,2018-05-04,0.01834319526627226,-0.2321960690277003,16.85
16.75,17.08,8031906,16.9,2018-05-03,-0.012850467289719725,0.26130286321613383,16.99
17.07,17.26,6367944,17.12,2018-05-02,-0.0034924330616995514,-0.34023017134895317,17.14
16.95,17.2,9651766,17.18,2018-05-01,0.007624633431084993,-0.22621290580212494,16.99
17.05,17.46,12473413,17.05,2018-04-30,-0.01729106628242083,0.4115485814989259,17.34
17.24,17.64,8836687,17.35,2018-04-27,-0.0023001725129384587,-0.17316117284837207,17.64
17.245,17.515,10687315,17.39,2018-04-26,0.0046216060080879195,0.22785514149042307,17.39
17.02,17.415,8704052,17.31,2018-04-25,-0.002880184331797264,-0.13846072833683132,17.3
17.25,17.68,10102908,17.36,2018-04-24,-0.003444316877152853,0.24989706781845133,17.5
17.305,17.54,8082992,17.42,2018-04-23,0.007518796992481258,0.049521683557538054,17.38
17.16,17.45,7701596,17.29,2018-04-20,-0.006892590465249926,-0.01125827899590337,17.44
17.38,17.65,7789290,17.41,2018-04-19,-0.015271493212669629,-0.18947461305071067,17.65
17.615,17.78,9610174,17.68,2018-04-18,-0.003943661971831047,-0.4394596465498345,17.77
17.62,17.88,17144482,17.75,2018-04-17,0.010820045558086688,0.010903106623575853,17.68
17.36,17.67,16959570,17.56,2018-04-16,0.009195402298850519,0.6854117159754847,17.45
17.18,17.51,10062568,17.4,2018-04-13,-0.0005743825387709567,-0.2771497833223976,17.51
17.33,17.6,13920682,17.41,2018-04-12,0.009860788863109038,0.41635255601974785,17.35
17.0908,17.3,9828543,17.24,2018-04-11,-0.0005797101449276365,-0.36163987137637144,17.2
17.07,17.4,15396549,17.25,2018-04-10,0.02617489589530053,0.8231290414597869,17.07
16.73,17.21,8445123,16.81,2018-04-09,0.006586826347305452,-0.40313418895810793,16.73
16.61,17.22,14149115,16.7,2018-04-06,-0.029069767441860517,-0.06326997486559727,17.04
17.12,17.42,15104795,17.2,2018-04-05,-0.0028985507246377384,0.14395573827118935,17.42
16.76,17.31,13204003,17.25,2018-04-04,0.0064177362893815815,-0.011905103998385957,16.83
16.96,17.35,13363092,17.14,2018-04-03,0.001168224299065379,0.3005913206784714,17.25
16.94,17.52,10274628,17.12,2018-04-02,-0.02394526795895091,-0.35822226064352747,17.48
17.455,17.755,16009636,17.54,2018-03-29,-0.006795016987542479,0.14312271812059207,17.7
17.405,17.8,14005177,17.66,2018-03-28,0.005694760820045719,0.1597102458546369,17.61
17.455,18.155,12076445,17.56,2018-03-27,-0.023902167871039492,0.10682959081808896,18.09
17.575,18.03,10910844,17.99,2018-03-26,0.02041973908111161,0.07223472792993735,17.92
17.63,18.46,10175798,17.63,2018-03-23,-0.0376637554585153,-0.056100784019587735,18.37
18.3,18.645,10780598,18.32,2018-03-22,-0.02084446819882424,-0.005550895166710368,18.55
18.57,18.89,10840774,18.71,2018-03-21,-0.0037273695420660946,-0.0017954428954042312,18.78
18.615,18.93,10860273,18.78,2018-03-20,0.004278074866310266,0.3777241558575337,18.79
18.5,18.83,7882763,18.7,2018-03-19,-0.0047897817988291624,-0.5855455628881618,18.7
18.68,19.01,19019613,18.79,2018-03-16,-0.0021242697822623224,0.24379320176671926,18.82
18.78,18.98,15291620,18.83,2018-03-15,-0.001061007957559812,0.3263206247288444,18.9
18.735,18.99,11529354,18.85,2018-03-14,-0.0015889830508473146,0.28398222058290945,18.98
18.86,19.23,8979372,18.88,2018-03-13,-0.009963293130571649,-0.11091884844254862,19.09
19.0,19.175,10099609,19.07,2018-03-12,-0.0046972860125260585,-0.3065322385731314,19.16
18.98,19.21,14563920,19.16,2018-03-09,0.011081794195250794,0.40111250714317315,19.07
18.845,19.23,10394540,18.95,2018-03-08,-0.010443864229764954,-0.05985136220858511,19.2
18.9801,19.38,11056273,19.15,2018-03-07,-0.013395157135497215,-0.042864351620238494,19.24
19.0,19.475,11551417,19.41,2018-03-06,0.022655426765015863,-0.014433241076830416,19.01
18.74,19.1,11720583,18.98,2018-03-05,0.010649627263045858,-0.21430079735117236,18.77
18.15,18.8,14917392,18.78,2018-03-02,0.020652173913043637,0.06007376901928585,18.2
18.14,18.835,14072032,18.4,2018-03-01,-0.010220548682087216,-0.19602547711311646,18.7
18.59,19.07,17503082,18.59,2018-02-28,-0.01222104144527103,-0.15877506727292767,18.95
18.5,19.13,20806661,18.82,2018-02-27,0.014555256064689992,-0.17784160285684447,18.5
18.04,18.8,25307363,18.55,2018-02-26,0.022601984564498245,-0.43383103972607007,18.04
17.56,18.19,44699312,18.14,2018-02-23,0.10542352224253504,2.0528350756616183,18.01
16.23,16.67,14641902,16.41,2018-02-22,0.009846153846153838,0.3434433890159876,16.43
16.22,16.685,10898786,16.25,2018-02-21,-0.016343825665859568,0.21119719842220097,16.6
16.41,16.685,8998358,16.52,2018-02-20,0.007931665649786312,0.05778885079892904,16.47
16.21,16.56,8506762,16.39,2018-02-16,0.0024464831804280607,0.04213481046936818,16.3
16.04,16.48,8162823,16.35,2018-02-15,0.012383900928792713,-0.41648569801382807,16.28
15.35,16.22,13989071,16.15,2018-02-14,0.0439560439560438,0.020378583406025275,15.41
15.31,15.63,13709687,15.47,2018-02-13,-0.01777777777777778,0.7870463425195608,15.63
15.36,15.85,7671702,15.75,2018-02-12,0.02941176470588225,-0.5403439357913665,15.42
14.655,15.415,16690092,15.3,2018-02-09,0.01728723404255339,0.40497587689078274,15.2
15.04,15.68,11879273,15.04,2018-02-08,-0.033419023136246895,-0.09312240878986111,15.53
15.33,15.785,13099092,15.56,2018-02-07,-0.010807374443738027,-0.19085091630131468,15.67
14.96,15.815,16188725,15.73,2018-02-06,0.00446998722860803,0.032133305765106535,15.27
15.65,16.65,15684723,15.66,2018-02-05,-0.05945945945945941,0.18234911929830622,16.53
16.52,16.93,13265729,16.65,2018-02-02,-0.008338296605122086,-0.015529657867675017,16.66
16.32,16.88,13474991,16.79,2018-02-01,0.02378048780487818,0.09080136109434767,16.4
16.31,16.69,12353295,16.4,2018-01-31,-0.00846432889963733,0.10853235454348775,16.59
16.395,16.9058,11143829,16.54,2018-01-30,-0.02533883323512076,0.0723035635588245,16.85
16.62,17.065,10392420,16.97,2018-01-29,0.015559545182525225,0.08141074694866557,16.66
16.55,16.84,9610058,16.71,2018-01-26,0.013956310679611672,0.2375330564847371,16.55
16.45,16.84,7765496,16.48,2018-01-25,-0.011990407673860837,-0.33762537187422215,16.71
16.6,16.89,11723722,16.68,2018-01-24,0.0005998800239950253,-0.175773609366201,16.71
16.2,16.72,14223910,16.67,2018-01-23,0.038629283489096666,0.5116787594293206,16.28
15.9,16.08,9409347,16.05,2018-01-22,-0.0018656716417908559,0.032128178813424446,16.05
15.91,16.09,9116452,16.08,2018-01-19,0.00688791484032536,-0.04766962752628989,15.97
15.94,16.1,9572783,15.97,2018-01-18,-0.0062227753578095735,0.013709801333578131,16.03
15.82,16.1,9443317,16.07,2018-01-17,0.01644528779253629,-0.021049578343934394,15.86
15.715,15.915,9646369,15.81,2018-01-16,0.0,-0.3784115497876782,15.82
15.42,15.87,15518900,15.81,2018-01-12,0.023300970873786575,0.8836855803965318,15.45
15.17,15.49,8238583,15.45,2018-01-11,0.01711652402896635,-0.18665612165294376,15.2
14.76,15.31,10129274,15.19,2018-01-10,0.02289562289562297,-0.29877395718725486,14.76
14.81,14.98,14445091,14.85,2018-01-09,0.002024291497975561,0.10986085759395525,14.85
14.645,14.97,13015227,14.82,2018-01-08,-0.015282392026578107,0.040948762460275345,14.95
14.96,15.19,12503235,15.05,2018-01-05,-0.0006640106241699861,0.10384181466311926,15.06
14.655,15.07,11327017,15.06,2018-01-04,0.02448979591836742,0.4325013026168687,14.7
14.54,14.75,7907160,14.7,2018-01-03,0.006160164271047153,0.11916764033366278,14.6
14.38,14.63,7065215,14.61,2018-01-02,0.017409470752089096,-0.001628997972654922,14.43
14.36,14.67,7076743,14.36,2017-12-29,-0.017111567419575646,0.9197013761750359,14.67
14.555,14.7,3686377,14.61,2017-12-28,-0.004089979550102263,0.15211054379619426,14.69
14.61,14.75,3199673,14.67,2017-12-27,-0.004748982360922693,0.11099101151139035,14.72
14.67,14.785,2880017,14.74,2017-12-26,0.0020394289598912874,-0.30880908027511156,14.69
14.68,14.82,4166746,14.71,2017-12-22,-0.0006793478260869179,-0.4669018906625507,14.725
14.665,14.85,7816096,14.72,2017-12-21,0.0006798096532971698,-0.09141110399169727,14.68
14.635,14.79,8602456,14.71,2017-12-20,-0.0060810810810810745,-0.12089666648238018,14.72
14.74,14.9,9785489,14.8,2017-12-19,-0.006711409395973145,-0.20800580728947893,14.86
14.43,14.93,12355506,14.9,2017-12-18,0.03400416377515625,-0.37971275375323676,14.45
14.255,14.48,19919007,14.41,2017-12-15,0.011938202247190999,1.6228366444346478,14.3
14.22,14.38,7594452,14.24,2017-12-14,-0.005586592178770999,-0.11813807923465347,14.28
14.32,14.55,8611838,14.32,2017-12-13,-0.012413793103448256,-0.2828358197768821,14.46
14.35,14.57,12008182,14.5,2017-12-12,-0.005486968449931462,0.08407062349456362,14.45
14.23,14.59,11076937,14.58,2017-12-11,0.01673640167364021,0.37059847249847655,14.25
14.23,14.39,8081825,14.34,2017-12-08,0.00843881856540074,0.1865632964916195,14.23
14.125,14.27,6811120,14.22,2017-12-07,0.004237288135593209,-0.03947096950518603,14.2
13.99,14.23,7091009,14.16,2017-12-06,0.005681818181818121,-0.349002394026657,14.02
14.0,14.17,10892527,14.08,2017-12-05,-0.01054111033028815,-0.017820218218751793,14.11
14.19,14.52,11090156,14.23,2017-12-04,-0.01454293628808856,-0.4019594530977255,14.44
13.75,14.465,18544154,14.44,2017-12-01,0.03512544802867379,0.22795841557067997,13.9
13.92,14.17,15101614,13.95,2017-11-30,-0.0014316392269149159,0.248689140558761,13.99
13.79,14.3001,12093974,13.97,2017-11-29,0.006484149855907839,-0.24641296097720522,13.95
13.405,13.95,16048543,13.88,2017-11-28,0.03043801039346694,0.15780805378026908,13.47
13.1503,13.54,13861143,13.47,2017-11-27,0.011261261261261257,0.6201350281711937,13.21
13.15,13.39,8555548,13.32,2017-11-24,0.016793893129771087,-0.7958549395883859,13.21
12.815,13.4,41909160,13.1,2017-11-22,-0.07223796033994334,2.2363250364064906,13.2
14.08,14.31,12949614,14.12,2017-11-21,0.002129169623846572,0.04558389123019646,14.1
13.66,14.11,12385055,14.09,2017-11-20,0.029970760233918092,-0.03908095115433918,13.68
13.25,13.69,12888760,13.68,2017-11-17,0.030896759608138646,-0.13020445401109138,13.3
13.21,13.42,14818149,13.27,2017-11-16,0.008358662613981771,0.23499137606642773,13.21
13.1,13.32,11998585,13.16,2017-11-15,-0.008289374529012794,0.05750658661925434,13.2
13.23,13.48,11346109,13.27,2017-11-14,-0.015578635014836806,-0.22140848089785992,13.38
13.47,13.695,14572608,13.48,2017-11-13,-0.016058394160583855,2.225546180691666,13.67
13.6,13.75,4517873,13.7,2017-11-10,-0.001457725947521915,-0.27492635111755637,13.72
13.47,13.75,6230916,13.72,2017-11-09,0.013293943870014813,-0.1962042682631857,13.48
13.46,13.59,7751865,13.54,2017-11-08,-0.002210759027266085,0.053250970354246085,13.56
13.52,13.74,7359941,13.57,2017-11-07,-0.0044020542920030215,-0.23194321593797396,13.6
13.24,13.63,9582548,13.63,2017-11-06,0.009629629629629655,0.004152923052773039,13.46
13.4,13.63,9542917,13.5,2017-11-03,-0.009537784299339713,-0.45504013453310443,13.62
13.485,13.66,17511229,13.63,2017-11-02,0.0022058823529411686,0.13097005813527307,13.57
13.47,13.94,15483371,13.6,2017-11-01,-0.02298850574712641,0.514303581301327,13.94
13.875,14.055,10224747,13.92,2017-10-31,-0.0042918454935623185,-0.1435865272483169,14.02
13.91,14.28,11939031,13.98,2017-10-30,-0.021008403361344463,0.6976562905474533,14.23
14.18,14.34,7032655,14.28,2017-10-27,0.00210526315789461,0.009332876171471272,14.27
14.08,14.31,6967627,14.25,2017-10-26,0.012073863636363535,-0.5295078772484623,14.21
13.88,14.29,14809232,14.08,2017-10-25,-0.01607267645003496,0.8063916157614317,14.28
14.23,14.475,8198240,14.31,2017-10-24,0.004210526315789442,-0.023604777074463512,14.25
14.06,14.325,8396436,14.25,2017-10-23,0.014957264957265126,-0.325935547017528,14.09
13.8,14.185,12456429,14.04,2017-10-20,0.01298701298701288,-0.4549343219791083,13.88
13.8,14.53,22853079,13.86,2017-10-19,-0.05714285714285716,2.3474035704147553,14.5
14.665,14.8,6827106,14.7,2017-10-18,0.006160164271047153,-0.4388468914186827,14.67
14.545,14.89,12166209,14.61,2017-10-17,-0.01682368775235532,0.9274591673538448,14.84
14.81,14.96,6312045,14.86,2017-10-16,-0.002014775016789816,-0.36390501089526606,14.88
14.64,15.06,9923117,14.89,2017-10-13,0.0060810810810809635,0.20449419244732914,14.65
14.73,14.94,8238410,14.8,2017-10-12,-0.009370816599732157,-0.13893219736849116,14.93
14.85,15.04,9567667,14.94,2017-10-11,-0.0013368983957220415,0.02765329972721342,14.94
14.81,15.03,9310209,14.96,2017-10-10,0.010810810810810922,0.4885393040699364,14.82
14.77,14.97,6254594,14.8,2017-10-09,0.0,-0.471061597120494,14.84
14.58,14.85,11824806,14.8,2017-10-06,-0.0020229265003370855,0.6714846264004479,14.79
14.76,14.96,7074433,14.83,2017-10-05,0.002027027027027062,-0.07358171015987136,14.84
14.55,14.89,7636327,14.8,2017-10-04,0.0074880871341049815,-0.25112522540793103,14.7
14.62,14.9872,10197068,14.69,2017-10-03,-0.01870407481629932,-0.2561570339268038,14.97
14.65,15.0,13708630,14.97,2017-10-02,0.017675050985723972,1.040430459243947,14.68
14.54,14.75,6718499,14.71,2017-09-29,0.009608785175017287,-0.41441369671619255,14.6
14.565,14.94,11473115,14.57,2017-09-28,-0.01885521885521879,-0.47562664113550535,14.84
14.82,15.12,21879668,14.85,2017-09-27,-0.002686366689053088,-0.1468317107032444,14.89
14.69,15.08,25645196,14.89,2017-09-26,0.012925170068027292,-0.1298069991485441,14.74
14.17,14.72,29470699,14.7,2017-09-25,0.030855539971949453,0.3003111407063006,14.19
13.82,14.29,22664344,14.26,2017-09-22,0.034082668600435184,0.003053060586468259,13.86
13.51,13.9,22595359,13.79,2017-09-21,0.011738811445340946,0.30704667733998847,13.6
13.5,13.68,17287339,13.63,2017-09-20,0.010378057820607856,0.7156443911179655,13.58
13.47,13.64,10076295,13.49,2017-09-19,-0.0036927621861151394,-0.19477589797319772,13.56
13.51,13.72,12513653,13.54,2017-09-18,0.0014792899408284654,-0.19217680882786603,13.57
13.32,13.56,15490584,13.52,2017-09-15,0.0037119524870081744,-0.03517101929934008,13.37
13.13,13.53,16055264,13.47,2017-09-14,0.018140589569161092,-0.35714779635850136,13.18
12.97,13.25,24975047,13.23,2017-09-13,0.00838414634146356,0.29103730762546465,13.08
12.99,13.41,19344946,13.12,2017-09-12,-0.017228464419475675,0.17888698619701993,13.36
13.24,13.47,16409500,13.35,2017-09-11,0.017530487804878092,-0.31766853248358506,13.3
13.06,13.385,24049162,13.12,2017-09-08,-0.009811320754717023,-0.10775686080043412,13.289
13.25,13.77,26953597,13.25,2017-09-07,-0.03776325344952791,-0.33522716104038475,13.73
13.6,14.32,40545575,13.77,2017-09-06,-0.019230769230769162,0.5153864389917884,14.29
13.83,14.4,26755931,14.04,2017-09-05,-0.018867924528301994,0.19682279319013407,14.2
13.82,14.39,22355800,14.31,2017-09-01,-0.2076411960132889,0.9772890978895992,14.13
17.95,18.135,11306288,18.06,2017-08-31,0.004449388209121219,0.802200394605842,17.98
17.775,17.99,6273602,17.98,2017-08-30,0.0033482142857141906,0.06384491908059253,17.88
17.58,17.945,5897102,17.92,2017-08-29,0.007307476110174349,-0.21025633883207007,17.65
17.675,17.98,7467109,17.79,2017-08-28,-0.008913649025069637,-0.17263774460817982,17.98
17.805,18.14,9025199,17.95,2017-08-25,0.0,0.3670362051366407,17.99
17.66,18.06,6602019,17.95,2017-08-24,0.013551665725578754,-0.060963250940989755,17.72
17.53,17.75,7030629,17.71,2017-08-23,0.002263723825693287,0.2939668258796715,17.55
17.35,17.7,5433392,17.67,2017-08-22,0.020797227036395416,-0.10713448808629,17.36
17.08,17.35,6085342,17.31,2017-08-21,0.0075669383003491575,-0.3619342675097259,17.2
17.09,17.4,9537171,17.18,2017-08-18,-0.006936416184971206,0.05405770124714104,17.26
17.3,17.68,9048054,17.3,2017-08-17,-0.017045454545454586,0.8578636051250284,17.52
17.525,17.87,4870139,17.6,2017-08-16,-0.00845070422535199,-0.41211368551828664,17.74
17.53,17.84,8284151,17.75,2017-08-15,0.009670079635950124,0.0426250161255306,17.56
17.46,17.85,7945475,17.58,2017-08-14,0.016184971098265777,0.5054092971703028,17.49
17.155,17.37,5277950,17.3,2017-08-11,0.010514018691588856,-0.40190849430566844,17.2
17.07,17.6,8824653,17.12,2017-08-10,-0.02947845804988658,0.2671738241708157,17.6
17.44,17.7,6964043,17.64,2017-08-09,0.0005672149744753163,-0.1176796943673496,17.55
17.52,17.7,7892874,17.63,2017-08-08,0.0,0.7216895556364584,17.59
17.45,17.645,4584377,17.63,2017-08-07,0.006853226727584039,-0.2726091809672201,17.49
17.29,17.57,6302495,17.51,2017-08-04,0.012724117987276129,-0.05264188737635478,17.29
17.16,17.36,6652706,17.29,2017-08-03,-0.0034582132564843215,-0.16493296511605282,17.34
17.27,17.64,7966673,17.35,2017-08-02,-0.00913763563677894,0.0332194933865142,17.59
17.29,17.57,7710533,17.51,2017-08-01,0.0,-0.11594867399174669,17.29
17.5,17.745,8721816,17.51,2017-07-31,0.0,-0.02758399473399198,17.6
17.29,17.55,8969223,17.51,2017-07-28,-0.002279202279202197,-0.12130714974076318,17.5
17.395,17.7,10207461,17.55,2017-07-27,-0.0034071550255535543,0.2815599547613572,17.7
17.55,17.96,7964872,17.61,2017-07-26,-0.015100671140939603,0.05956669743649923,17.9
17.74,18.01,7517103,17.88,2017-07-25,0.0022421524663676085,-0.31158782286335984,17.84
17.79,18.1,10919480,17.84,2017-07-24,-0.00943920044419777,-0.07348921064139835,17.98
17.77,18.03,11785594,18.01,2017-07-21,0.0061452513966482325,-0.15280323173642574,17.86
17.65,17.93,13911283,17.9,2017-07-20,0.013016411997736066,0.06140772258169758,17.67
17.25,17.71,13106446,17.67,2017-07-19,0.03032069970845508,0.26561661850837104,17.25
17.05,17.25,10355779,17.15,2017-07-18,-0.004643064422518939,0.3394937650641292,17.2
17.095,17.32,7731114,17.23,2017-07-17,0.0023269342641070168,0.3536012774193886,17.19
17.02,17.23,5711515,17.19,2017-07-14,0.005851375073142373,-0.5817210491344471,17.1
16.76,17.16,13654799,17.09,2017-07-13,0.017867778439547344,0.3101282898808251,16.79
16.575,16.85,10422490,16.79,2017-07-12,0.0005959475566148509,0.14387898763896123,16.75
16.57,16.85,9111532,16.78,2017-07-11,0.002389486260454099,-0.08939935247291941,16.71
16.6,16.835,10006068,16.74,2017-07-10,0.007826610475617057,-0.23069031197656198,16.61
16.4,16.65,13006554,16.61,2017-07-07,0.007888349514562965,-0.10467263741839505,16.52
16.42,16.92,14527149,16.48,2017-07-06,-0.027154663518299982,0.34532612548938557,16.85
16.71,16.99,10798236,16.94,2017-07-05,0.016196760647870345,1.3646215845070961,16.72
16.67,16.89,4566581,16.67,2017-07-03,0.004822182037371947,-0.4772370628627738,16.67
16.58,16.8,8735472,16.59,2017-06-30,-0.003603603603603567,-0.31223942191237186,16.73
16.37,16.8,12701327,16.65,2017-06-29,-0.014792899408283988,0.25539101987096124,16.75
16.5,16.96,10117427,16.9,2017-06-28,0.024242424242424176,0.03208899277690613,16.59
16.5,16.79,9802863,16.5,2017-06-27,-0.01844140392623428,-0.09131305198776074,16.74
16.79,16.98,10787943,16.81,2017-06-26,-0.002373887240356254,-0.36682274517597435,16.87
16.66,17.0,17037793,16.85,2017-06-23,0.010191846522781933,1.1456580498857076,16.75
16.5,16.75,7940591,16.68,2017-06-22,0.006638503319251532,-0.15871574485090778,16.54
16.54,16.79,9438654,16.57,2017-06-21,-0.0042067307692308376,-0.268123675271963,16.7
16.48,16.74,12896515,16.64,2017-06-20,-0.004784688995215225,0.15867801339937482,16.69
16.51,16.77,11130370,16.72,2017-06-19,0.013947847180109108,-0.2582570967375193,16.51
16.44,16.61,15005698,16.49,2017-06-16,-0.001815980629540026,-0.15771741653272442,16.58
16.47,16.76,17815515,16.52,2017-06-15,-0.01314217443249699,0.5637692640227163,16.7
16.65,16.95,11392675,16.74,2017-06-14,-0.0082938388625593,-0.06317287802768135,16.85
16.8,16.97,12160915,16.88,2017-06-13,0.0017804154302669684,0.05241743558322565,16.82
16.56,16.98,11555220,16.85,2017-06-12,-0.008240141259564293,0.09861620728016418,16.89
16.805,17.32,10517977,16.99,2017-06-09,-0.0035190615835778427,-0.013119682065836469,17.04
16.98,17.12,10657804,17.05,2017-06-08,0.0005868544600939885,-0.2671045324277481,17.09
17.01,17.24,14542052,17.04,2017-06-07,0.0005871990604813249,0.05363376641424322,17.03
17.03,17.19,13801809,17.03,2017-06-06,-0.007575757575757569,-0.11079177543812091,17.14
17.13,17.35,15521459,17.16,2017-06-05,-0.013793103448275779,-0.4811418646429714,17.34
16.95,17.58,29914649,17.4,2017-06-02,-0.006849315068493178,75.94294863551018,17.34
17.47,18.37,388790,17.52,2017-06-01,-0.06858054226475274,-0.9833450309512802,18.35
18.56,18.875,23343784,18.81,2017-05-31,-0.002122015915119513,0.3163096412509907,18.8
18.69,18.93,17734265,18.85,2017-05-30,0.0010621348911312722,0.32036286430328675,18.78
18.74,18.89,13431357,18.83,2017-05-26,-0.0005307855626327518,-0.15057918891480604,18.85
18.81,19.0,15812371,18.84,2017-05-25,-0.003701745108408261,0.34427730637360554,18.97
18.78,18.98,11762730,18.91,2017-05-24,0.002651113467656563,-0.1537544044378446,18.84
18.75,18.9,13899901,18.86,2017-05-23,0.0037253858435337683,0.10265208754548771,18.87
18.51,18.85,12605881,18.79,2017-05-22,0.01403130059363189,-0.3737415905037146,18.52
18.47,19.0,20128881,18.53,2017-05-19,-0.013312034078807211,0.6196110641436234,18.84
18.52,18.96,12428219,18.78,2017-05-18,-0.0010638297872340718,-0.026771152495491668,18.65
18.72,19.025,12770089,18.8,2017-05-17,-0.016221873364730466,0.3597525629613223,18.93
18.915,19.16,9391480,19.11,2017-05-16,0.006319115323854652,-0.12058577174697271,19.0
18.87,19.13,10679245,18.99,2017-05-15,0.005826271186440746,0.11751466004537758,18.9
18.84,19.02,9556246,18.88,2017-05-12,0.0010604453870626251,-0.23032688519150324,18.88
18.805,19.055,12415980,18.86,2017-05-11,-0.00736842105263158,0.0990284081066577,18.92
18.75,19.0,11297233,19.0,2017-05-10,0.011714589989350266,-0.3046068706157189,18.79
18.635,18.97,16245822,18.78,2017-05-09,-0.0058231868713605195,0.7955011626235029,18.87
18.76,18.95,9048071,18.89,2017-05-08,0.0031864046733935947,-0.28500470338042827,18.84
18.67,18.85,12654728,18.83,2017-05-05,0.004266666666666641,0.9361706327015309,18.84
18.61,18.8,6535957,18.75,2017-05-04,0.00428494911622912,-0.40542540154745066,18.75
18.57,18.77,10992661,18.67,2017-05-03,-0.0016042780748661833,0.4187018626053347,18.66
18.66,18.84,7748394,18.7,2017-05-02,-0.0016017084890550537,-0.055633382076813565,18.72
18.64,18.83,8204858,18.73,2017-05-01,0.005367686527106841,-0.11514211624354342,18.69
18.49,18.7,9272515,18.63,2017-04-28,0.0,-0.32828592972647064,18.62
18.43,18.66,13804259,18.63,2017-04-27,0.0010746910263299547,0.26845680753127965,18.6
18.42,18.78,10882719,18.61,2017-04-26,0.004859611231101457,0.7503717002156536,18.5
18.42,18.59,6217376,18.52,2017-04-25,0.00433839479392617,-0.557370548504114,18.49
18.205,18.54,14046458,18.44,2017-04-24,0.016538037486218293,0.14638460724834879,18.25
18.02,18.315,12252832,18.14,2017-04-21,-0.010365521003818712,0.19610925792278278,18.3
18.175,18.41,10243907,18.33,2017-04-20,0.009361233480176034,0.4027073154233205,18.23
18.09,18.29,7302954,18.16,2017-04-19,0.001654715940430318,-0.08825971241110697,18.15
17.9843,18.2,8009906,18.13,2017-04-18,0.001104362230811784,0.008803900955704824,18.08
17.98,18.13,7940003,18.11,2017-04-17,0.006670372429127269,-0.5123258369735371,18.02
17.94,18.16,16281369,17.99,2017-04-13,-0.003324099722991858,0.18643170007196685,18.01
17.94,18.34,13722972,18.05,2017-04-12,-0.007150715071507108,0.2098302989802423,18.33
18.09,18.35,11342890,18.18,2017-04-11,-0.006557377049180357,-0.48537767442987323,18.26
18.24,18.51,22041193,18.3,2017-04-10,0.001094091903719896,-0.21691557680585427,18.34
17.91,18.45,28146637,18.28,2017-04-07,0.014428412874583962,1.2708126898654468,17.95
17.91,18.13,12394962,18.02,2017-04-06,0.006703910614525244,-0.34794371750657327,17.98
17.78,18.1,19009037,17.9,2017-04-05,0.0,-0.0021069681082742653,17.98
17.35,17.91,19049173,17.9,2017-04-04,0.01878201479795094,58.499659540973774,17.4
17.31,18.06,320156,17.57,2017-04-03,-0.25864978902953584,-0.9774947528574415,18.0
23.43,24.0,14225838,23.7,2017-03-31,0.003386960203217493,0.5897755682037242,23.43
23.52,23.82,8948331,23.62,2017-03-30,-0.0021123785382340943,-0.4806376359183946,23.6
22.905,23.93,17229456,23.67,2017-03-29,0.028683181225554133,1.0483180554654012,23.0
22.6301,23.21,8411514,23.01,2017-03-28,0.012764084507042472,0.25755409536763674,22.69
22.38,22.85,6688789,22.72,2017-03-27,-0.002195871761089152,-0.27090038848751474,22.55
22.63,23.24,9174040,22.77,2017-03-24,-0.0013157894736842701,-0.06024370865920081,22.86
22.38,22.96,9762148,22.8,2017-03-23,0.01333333333333342,0.0736328051107753,22.45
22.1,22.55,9092632,22.5,2017-03-22,0.011235955056179803,-0.4395559115992337,22.22
22.2,23.08,16223977,22.25,2017-03-21,-0.030501089324618702,0.8924784025145363,22.95
22.66,23.065,8572873,22.95,2017-03-20,0.004376367614879584,-0.3075076635311397,22.77
22.51,22.99,12379737,22.85,2017-03-17,0.00927561837455837,0.20216913597258768,22.65
22.5,22.86,10297833,22.64,2017-03-16,-0.002203613926840098,-0.2651706579269698,22.7
22.11,22.85,14013911,22.69,2017-03-15,0.02069275753486277,0.38911534875154774,22.23
22.02,22.33,10088371,22.23,2017-03-14,-0.0040322580645161255,-9.912393277300424e-07,22.24
22.17,22.43,10088381,22.32,2017-03-13,-0.002235136343316957,-0.0955112315815323,22.19
22.2,22.69,11153683,22.37,2017-03-10,-0.004450378282153888,0.011244682292052888,22.53
22.38,22.69,11029658,22.47,2017-03-09,-0.006631299734748075,-0.1318629327272085,22.53
22.57,22.85,12704973,22.62,2017-03-08,-0.00876424189307623,-0.08571670571479006,22.8
22.7,23.19,13896101,22.82,2017-03-07,-0.010836584308625885,-0.10696359611372608,22.97
22.83,23.13,15560509,23.07,2017-03-06,0.0008676789587851452,0.34512692707333814,22.85
22.88,23.27,11568060,23.05,2017-03-03,0.004357298474945592,0.07329057697883434,22.91
22.84,23.21,10778125,22.95,2017-03-02,-0.009922346850733454,-0.18792481256485305,23.12
22.93,23.3,13272324,23.18,2017-03-01,0.015775635407537125,-0.27711228440122426,23.01
22.0,22.875,18360146,22.82,2017-02-28,0.022859704168534334,-0.03430676821442846,22.07
22.27,22.76,19012400,22.31,2017-02-27,-0.028310104529616797,39.553903647044265,22.76
22.1,22.98,468818,22.96,2017-02-24,-0.06893755068937546,-0.9647658703818608,22.125
24.5,24.86,13305792,24.66,2017-02-23,-0.004842615012106588,0.7410028678714395,24.83
24.5,24.88,7642602,24.78,2017-02-22,0.0048661800486617945,-0.19213069158397988,24.54
24.36,24.7,9460196,24.66,2017-02-21,0.010655737704918122,0.24748164914712123,24.4
24.13,24.42,7583435,24.4,2017-02-17,0.0028771064529387047,0.10721449834876373,24.25
24.21,24.48,6849111,24.33,2017-02-16,-0.002050861361772016,0.0018528638572918865,24.37
24.09,24.44,6836444,24.38,2017-02-15,0.009942004971002394,-0.2992935377863911,24.22
23.96,24.15,9756502,24.14,2017-02-14,0.0008291873963515162,0.5084455306947304,24.08
23.96,24.23,6467918,24.12,2017-02-13,0.005418924551896742,-0.22177793269689494,24.02
23.98,24.26,8311147,23.99,2017-02-10,-0.003737541528239241,0.18558017081980904,24.08
23.56,24.12,7010194,24.08,2017-02-09,0.01904358865848499,0.15205979632935307,23.69
23.55,23.88,6084922,23.63,2017-02-08,-0.002532714225411681,-0.06459208928379268,23.62
23.52,23.795,6505100,23.69,2017-02-07,0.006372132540356956,0.18419038211898187,23.54
23.31,23.66,5493289,23.54,2017-02-06,0.0017021276595743373,-0.591069130842433,23.35
22.75,23.58,13433295,23.5,2017-02-03,0.03569854561480823,0.6190743817749718,22.75
22.26,22.735,8296898,22.69,2017-02-02,0.004426737494466648,-0.14813915862589266,22.26
22.37,22.78,9739734,22.59,2017-02-01,-0.003968253968253954,-0.21990869799125812,22.73
21.84,22.69,12485377,22.68,2017-01-31,0.02392776523702045,0.3360197380388914,22.14
21.99,22.49,9345204,22.15,2017-01-30,-0.017738359201773912,0.3722748384032972,22.49
22.48,22.8,6810009,22.55,2017-01-27,-0.0030946065428824054,0.11011458127870033,22.73
22.62,23.09,6134510,22.62,2017-01-26,-0.015665796344647487,-0.1591815050660791,22.96
22.835,23.14,7295879,22.98,2017-01-25,0.003931847968545288,-0.11253457444317494,23.02
22.66,23.09,8221029,22.89,2017-01-24,0.014178112538768328,-0.09413293092305886,22.71
22.39,22.93,9075315,22.57,2017-01-23,-0.013548951048951041,0.0022667560484561644,22.82
22.64,22.9,9054790,22.88,2017-01-20,0.004830917874396157,0.5615764302897321,22.79
22.68,22.88,5798493,22.77,2017-01-19,-0.003937007874015741,-0.31371479640259947,22.79
22.59,22.99,8449101,22.86,2017-01-18,0.007492287351255955,0.431452475719051,22.77
22.635,22.99,5902467,22.69,2017-01-17,-0.010897994768962471,0.025262148968426823,22.83
22.74,23.05,5757032,22.94,2017-01-13,0.008351648351648366,-0.3041383293272456,22.75
22.425,22.84,8273242,22.75,2017-01-12,-0.0004393673110720808,-0.10819826717632874,22.73
22.61,22.98,9276997,22.76,2017-01-11,-0.008278867102396448,-0.3123803085876886,22.92
22.51,23.01,13491465,22.95,2017-01-10,0.017287234042553168,-0.05606207512538175,22.69
22.51,23.1833,14292746,22.56,2017-01-09,-0.023376623376623495,-0.017112977145012143,23.14
22.41,23.57,14541596,23.1,2017-01-06,-0.01952461799660432,0.25833466522755755,23.57
23.33,23.58,11556223,23.56,2017-01-05,0.004690831556503072,0.6612053223669447,23.45
23.24,23.71,6956529,23.45,2017-01-04,0.010775862068965525,-0.1365410124863109,23.3
22.98,23.47,8056583,23.2,2017-01-03,0.0025929127052721768,0.2761211701513795,23.19
23.03,23.45,6313337,23.14,2016-12-30,-0.00856898029134534,0.22604875657754708,23.23
23.18,23.47,5149336,23.34,2016-12-29,0.0017167381974247942,-0.21924667147713162,23.28
23.29,23.82,6595343,23.3,2016-12-28,-0.018534119629317503,0.7425072781232522,23.82
23.62,23.9,3784973,23.74,2016-12-27,-0.0033585222502099388,-0.35829425427665595,23.81
23.68,23.84,5898300,23.82,2016-12-23,0.002525252525252375,-0.07872847254295967,23.77
23.52,23.99,6402347,23.76,2016-12-22,-0.005441607367099199,0.18093892283253554,23.91
23.795,24.04,5421404,23.89,2016-12-21,0.002097315436241587,-0.40214547723839367,23.84
23.65,23.98,9068099,23.84,2016-12-20,0.004635482511588629,0.3335578945015456,23.77
23.42,23.9,6799929,23.73,2016-12-19,0.010217113665389688,-0.6702939399005519,23.42
23.38,23.785,20624216,23.49,2016-12-16,-0.010113780025284513,0.2807611556363736,23.63
23.67,23.87,16103093,23.73,2016-12-15,-0.007943143812709108,0.6374523653896449,23.85
23.73,24.38,9834236,23.92,2016-12-14,-0.00041788549937304964,-0.09470790577934218,23.74
23.75,24.22,10863053,23.93,2016-12-13,0.001255230125523088,-0.12044301343837982,23.84
23.7,24.22,12350596,23.9,2016-12-12,-0.024887800897592904,-0.07236677163312799,24.09
24.32,24.77,13314094,24.51,2016-12-09,-0.005275974025974017,0.8751748545249787,24.56
24.51,24.79,7100188,24.64,2016-12-08,-0.0016207455429497752,-0.5641543510792296,24.65
23.81,24.79,16290602,24.68,2016-12-07,0.03005008347245397,0.6544720636618135,23.84
23.89,24.18,9846405,23.96,2016-12-06,-0.010326311441553049,-0.04145409113171228,24.16
23.83,24.22,10272231,24.21,2016-12-05,0.015094339622641506,0.39943922875630355,23.92
23.34,23.9,7340248,23.85,2016-12-02,0.020539152759948776,-0.3978697285132273,23.36
23.33,23.9,12190465,23.37,2016-12-01,-0.01806722689075624,-0.1576716943710017,23.78
23.63,23.895,14472344,23.8,2016-11-30,0.002527379949452513,0.027538178007669778,23.79
23.22,23.9,14084483,23.74,2016-11-29,0.01713796058269068,-0.3555783705403448,23.22
22.88,23.39,21856006,23.34,2016-11-28,0.0051679586563306845,1.0526344310360196,22.97
22.71,23.39,10647783,23.22,2016-11-25,-0.014012738853503293,-0.5063243971035376,23.02
22.47,23.63,21568380,23.55,2016-11-23,0.029733275032794104,-0.10748991381644424,22.7
22.605,23.34,24165979,22.87,2016-11-22,-0.010813148788927363,0.036924650276841,23.1
22.81,23.55,23305434,23.12,2016-11-21,-0.008151008151007999,0.4045186752004528,23.42
23.27,23.85,16593182,23.31,2016-11-18,-0.012288135593220506,0.5222343031687227,23.689
23.26,23.67,10900544,23.6,2016-11-17,0.002974925626859415,-0.05614521407679629,23.47
23.21,23.65,11548963,23.53,2016-11-16,0.005126014523707756,-0.21836519429768209,23.31
23.14,23.53,14775395,23.41,2016-11-15,0.0025695931477516254,0.19410717599222593,23.47
23.07,23.62,12373592,23.35,2016-11-14,0.001716001716001836,0.30953874966569894,23.35
22.92,23.38,9448817,23.31,2016-11-11,0.010403120936280708,-0.2726545290737523,23.02
22.91,23.69,12990824,23.07,2016-11-10,-0.0068876452862677295,-0.15405305632835298,23.35
22.36,23.55,15356547,23.23,2016-11-09,-0.00043029259896720795,0.20024024270938257,22.44
22.89,23.49,12794561,23.24,2016-11-08,0.005625270445694497,0.18416273536446814,23.11
22.37,23.19,10804732,23.11,2016-11-07,0.04854809437386565,0.40028734790532283,22.38
21.52,22.399,7716082,22.04,2016-11-04,0.011009174311926495,0.1026643007366308,21.64
21.76,22.18,6997671,21.8,2016-11-03,-0.009990917347865502,-0.1597445397637952,22.07
21.87,22.17,8328028,22.02,2016-11-02,-0.0027173913043477826,0.12857422986383304,22.04
21.77,22.56,7379247,22.08,2016-11-01,-0.01735647530040052,-0.09355781817985276,22.42
22.22,22.52,8140891,22.47,2016-10-31,0.013531799729363803,0.08441788784643123,22.25
22.0,22.49,7507153,22.17,2016-10-28,-0.0009013068949976777,-0.4063416476494788,22.2
21.88,22.39,12645578,22.19,2016-10-27,0.01788990825688086,0.663350158994275,21.88
21.47,21.81,7602475,21.8,2016-10-26,0.0092592592592593,-0.17777685488040929,21.53
21.39,21.7,9246243,21.6,2016-10-25,-0.0036900369003689537,0.022350814343052416,21.65
21.59,21.79,9044100,21.68,2016-10-24,0.002311604253351751,-0.24426663422274464,21.68
21.45,21.73,11967316,21.63,2016-10-21,-0.011425959780621553,0.12992650337061762,21.7
21.54,21.91,10591234,21.88,2016-10-20,0.006902899217671399,-0.394427195158635,21.63
21.55,21.97,17489613,21.73,2016-10-19,0.012109920819748599,0.49663263042813033,21.61
21.1,21.59,11685976,21.47,2016-10-18,0.009402914903620108,0.0034500858979424898,21.54
21.21,21.69,11645797,21.27,2016-10-17,-0.01207617278216444,-0.14124951479678094,21.5
21.475,21.95,13561328,21.53,2016-10-14,-0.010569852941176516,-0.01811736359629834,21.54
21.46,21.95,13811557,21.76,2016-10-13,-0.010909090909090868,0.779205404464671,21.78
21.8,22.12,7762767,22.0,2016-10-12,0.0009099181073703999,-0.23215006906702396,22.08
21.895,22.5,10109745,21.98,2016-10-11,-0.023111111111111082,0.09859586995774161,22.5
22.44,22.69,9202424,22.5,2016-10-10,0.0071620411817368,-0.017209679045423698,22.48
22.17,22.7,9363568,22.34,2016-10-07,-0.014991181657848296,0.4295056619524187,22.67
22.63,22.85,6550214,22.68,2016-10-06,-0.0052631578947368585,-0.09928832351406336,22.74
22.46,22.87,7272265,22.8,2016-10-05,0.01831174631531929,-0.2039024654040792,22.46
22.26,22.93,9134892,22.39,2016-10-04,-0.01147902869757167,-0.2185644924167781,22.68
22.55,22.835,11689886,22.65,2016-10-03,-0.004395604395604491,-0.27881753547894506,22.59
22.59,23.29,16209332,22.75,2016-09-30,-0.0065502183406113135,0.7904032859064933,23.08
22.875,23.31,9053453,22.9,2016-09-29,-0.006076388888888951,0.28008020284572765,22.96
22.82,23.19,7072567,23.04,2016-09-28,0.005235602094240788,-0.46112748814263127,23.0
22.561,23.025,13124750,22.92,2016-09-27,0.005704256252742512,0.6189114663670132,22.69
22.64,22.965,8107145,22.79,2016-09-26,-0.008268059181897325,0.11909840408130257,22.86
22.91,23.265,7244354,22.98,2016-09-23,-0.011187607573149627,-0.2924909751593844,23.13
23.14,23.53,10239239,23.24,2016-09-22,0.00519031141868509,-0.0409616609980229,23.14
22.57,23.12,10676569,23.12,2016-09-21,0.022104332449160102,0.10427716003656462,22.6
22.62,22.945,9668378,22.62,2016-09-20,-0.002645502645502562,-0.1948335116045038,22.755
22.36,23.0,12007924,22.68,2016-09-19,0.018867924528301883,-0.26542820062721617,22.37
21.96,22.32,16346835,22.26,2016-09-16,0.0058743786714867685,0.2664453818901673,22.07
21.29,22.14,12907651,22.13,2016-09-15,0.03604868913857673,0.17589851214935148,21.32
21.09,21.415,10976841,21.36,2016-09-14,0.009451795841209698,-0.08545058020615448,21.13
21.05,21.37,12002458,21.16,2016-09-13,-0.006106153123532132,-0.05864248437999875,21.1
20.63,21.415,12750159,21.29,2016-09-12,0.017686424474187223,-0.19123573072177413,20.72
20.92,21.47,15764988,20.92,2016-09-09,-0.021515434985968085,-0.4609905595835131,21.15
21.32,22.2,29248074,21.38,2016-09-08,-0.03214124038026256,0.4254697780507062,22.0
21.51,22.32,20518200,22.09,2016-09-07,0.01052150045745659,1.403961401084127,22.01
21.75,22.18,8535162,21.86,2016-09-06,-0.01575866726699693,0.2996102918045558,22.18
21.94,22.3,6567478,22.21,2016-09-02,0.002256317689530718,-0.6527724422368435,22.17
21.08,22.32,18914046,22.16,2016-09-01,0.03165735567970196,0.9785028458299811,21.43
21.16,21.68,9559777,21.48,2016-08-31,-0.004633920296570837,0.04318504919452448,21.54
21.45,21.96,9164028,21.58,2016-08-30,-0.011904761904761973,0.5568020353204752,21.93
21.73,22.13,5886444,21.84,2016-08-29,0.0027548209366390353,0.11265994697968496,21.76
21.61,22.09,5290425,21.78,2016-08-26,-0.0027472527472527375,-0.26208105716180674,21.9
21.45,21.935,7169385,21.84,2016-08-25,0.006915629322268302,0.5885953883795247,21.63
21.67,22.05,4513034,21.69,2016-08-24,-0.0109439124487003,-0.4297756936676518,21.92
21.875,22.07,7914489,21.93,2016-08-23,-0.00045578851412952925,0.7825429690412093,22.03
21.63,21.975,4439999,21.94,2016-08-22,0.002742230347349217,-0.2650629033464805,21.82
21.74,21.96,6041332,21.88,2016-08-19,0.0009149130832570851,-0.100735061426795,21.78
21.54,21.89,6718078,21.86,2016-08-18,0.010166358595194103,-0.3123477289621075,21.54
21.48,22.19,9769586,21.64,2016-08-17,-0.019483461712732186,0.6011417919486197,22.06
21.8103,22.17,6101637,22.07,2016-08-16,0.0027260336210812586,-0.14763487434060707,21.9
21.9,22.19,7158478,22.01,2016-08-15,0.005481955230699054,-0.3221963047110271,21.93
21.495,21.96,10561285,21.89,2016-08-12,0.005050505050504972,0.3939257835391059,21.68
21.52,21.86,7576648,21.78,2016-08-11,0.010672853828306295,0.3317134782977038,21.59
21.43,21.75,5689398,21.55,2016-08-10,-0.006912442396313279,-0.29399821334107323,21.73
21.62,21.86,8058617,21.7,2016-08-09,0.002309468822170979,0.0363130603770101,21.73
21.58,22.17,7776238,21.65,2016-08-08,-0.01186672752167972,-0.1806807137974371,22.0
21.77,22.2,9491096,21.91,2016-08-05,0.006893382352941124,0.06391400711406137,21.84
21.46,21.92,8920924,21.76,2016-08-04,0.011622501162250165,-0.35811570349024413,21.48
20.68,21.52,13898025,21.51,2016-08-03,0.03562831006259026,0.26051031801752855,20.77
20.645,21.1,11025713,20.77,2016-08-02,-0.014705882352941124,-0.2065253867030027,21.03
20.63,21.59,13895483,21.08,2016-08-01,0.0028544243577544037,-0.5583065333204575,21.14
20.1,21.9,31459562,21.02,2016-07-29,0.03495814869522418,6.2195676414748595,20.32
20.15,20.43,4357541,20.31,2016-07-28,-0.0019656019656021373,-0.33506441307378476,20.3
20.258,20.665,6553328,20.35,2016-07-27,-0.004889975550122161,-0.17541544876771487,20.5
20.145,20.46,7947430,20.45,2016-07-26,0.011875309252844968,-0.1819365469502563,20.19
20.19,20.49,9714931,20.21,2016-07-25,0.007980049875311757,0.16117303812355965,20.35
19.74,20.05,8366480,20.05,2016-07-22,0.0151898734177216,-0.08039670153286638,19.82
19.705,20.16,9097923,19.75,2016-07-21,-0.015453639082751658,0.7120761479503745,20.03
19.725,20.08,5313971,20.06,2016-07-20,0.013643254168772101,-0.03988162691265873,19.8
19.68,19.94,5534704,19.79,2016-07-19,0.0,-0.055121056818686176,19.69
19.65,19.98,5857580,19.79,2016-07-18,0.001011633788568611,-0.3301987558733306,19.72
19.69,20.17,8745251,19.77,2016-07-15,-0.011005502751375684,-0.4138464070988971,20.08
19.62,20.1664,14919726,19.99,2016-07-14,0.025128205128205128,1.1731936016043476,19.62
19.3,19.76,6865346,19.5,2016-07-13,-0.009649568308786272,-0.4699186055292154,19.69
19.43,19.9,12951494,19.69,2016-07-12,0.018097207859358866,0.2746178555822807,19.43
19.14,19.465,10161080,19.34,2016-07-11,0.015756302521008347,-0.0676626934600737,19.15
18.575,19.04,10898502,19.04,2016-07-08,0.030860855441256163,0.7362624442607046,18.76
18.34,18.71,6276990,18.47,2016-07-07,0.0038043478260869623,-0.13588668189593678,18.34
17.92,18.43,7264082,18.4,2016-07-06,0.01098901098901095,0.18407090522535485,18.0
17.94,18.43,6134837,18.2,2016-07-05,-0.01568415359653863,-0.31289006564958255,18.39
18.15,18.64,8928465,18.49,2016-07-01,0.012041598248494711,-0.2853043886012627,18.47
17.88,18.5,12492682,18.27,2016-06-30,0.027559055118110187,0.5124405731802943,17.92
17.605,17.91,8259949,17.78,2016-06-29,0.021839080459770344,-0.3574384850515231,17.74
17.105,17.58,12854721,17.4,2016-06-28,0.011627906976744207,-0.3058123961429873,17.5
16.965,18.01,18517647,17.2,2016-06-27,-0.052863436123348095,-0.27155326662740475,18.0
18.11,19.08,25420729,18.16,2016-06-24,-0.07582697201017807,1.4960507168821273,18.61
19.34,19.69,10184380,19.65,2016-06-23,0.022904737116085316,-0.03677966523289267,19.37
19.19,19.76,10573261,19.21,2016-06-22,-0.027834008097166074,-0.0851738135499952,19.66
19.26,19.85,11557672,19.76,2016-06-21,0.019607843137255054,-0.2717040617356393,19.41
19.16,19.61,15869472,19.38,2016-06-20,0.023231256599788752,-0.04636869514259212,19.22
18.49,19.01,16641098,18.94,2016-06-17,0.015005359056806,0.3496791073889245,18.59
18.575,18.83,12329670,18.66,2016-06-16,-0.007446808510638281,0.030254100216074997,18.68
18.41,19.06,11967601,18.8,2016-06-15,0.026761332605133914,-0.16633756986544201,18.43
18.215,18.64,14355452,18.31,2016-06-14,-0.015591397849462507,0.4147531390171211,18.47
18.58,19.15,10146966,18.6,2016-06-13,-0.027196652719665204,0.03217335932000642,19.01
18.9,19.33,9830680,19.12,2016-06-10,-0.021994884910485957,0.0485864049029916,19.31
19.33,19.65,9375174,19.55,2016-06-09,0.010335917312661369,-0.40741212227095436,19.39
19.2,19.62,15820732,19.35,2016-06-08,0.00991649269311079,0.10741273525919515,19.27
18.77,19.245,14286211,19.16,2016-06-07,0.013756613756613856,0.11270032944353492,18.84
18.28,18.97,12839226,18.9,2016-06-06,0.029972752043596618,0.3827185303529861,18.28
18.28,18.5,9285495,18.35,2016-06-03,-0.008108108108108025,-0.3204054778326767,18.4
18.1,18.53,13663287,18.5,2016-06-02,0.011481683980317126,0.1118514708957854,18.14
18.14,18.38,12288770,18.29,2016-06-01,-0.009745533297238707,-0.5075077912932129,18.31
17.76,18.47,24952212,18.47,2016-05-31,0.011500547645125758,0.08690415762136938,18.0
17.46,18.34,22957141,18.26,2016-05-27,0.05002875215641178,0.0563227246949638,17.46
16.84,17.69,21733075,17.39,2016-05-26,0.002305475504322807,-0.5043633797297296,17.0
17.12,18.5,43848808,17.35,2016-05-25,0.06769230769230772,2.5111658108050756,18.33
15.99,16.34,12488390,16.25,2016-05-24,0.011200995644057299,0.4437693782239718,16.1
15.87,16.27,8649851,16.07,2016-05-23,0.012602394454946486,-0.037080605200255023,15.88
15.66,15.99,8982944,15.87,2016-05-20,0.005703422053231932,0.3437704192147055,15.76
15.38,15.79,6684880,15.78,2016-05-19,0.007019783024888371,0.01647958139448602,15.51
15.515,15.93,6576502,15.67,2016-05-18,-0.009481668773704155,-0.5493265426815354,15.79
15.69,16.2,14592610,15.82,2016-05-17,-0.00877192982456143,0.6546023621091941,15.88
15.71,16.095,8819406,15.96,2016-05-16,0.012048192771084487,0.29910812135724396,15.76
15.69,16.115,6788816,15.77,2016-05-13,-0.008176100628930816,0.25292356756078394,15.9
15.8535,16.14,5418380,15.9,2016-05-12,-0.0074906367041197575,-0.1625581883098045,16.09
15.88,16.355,6470157,16.02,2016-05-11,0.008181246066708558,0.358820505216946,15.89
15.61,15.9,4761598,15.89,2016-05-10,0.001891551071879105,-0.036762098385196174,15.89
15.67,15.96,4943325,15.86,2016-05-09,0.005069708491761693,-0.008080114086363,15.71
15.56,15.86,4983593,15.78,2016-05-06,0.003816793893129722,0.416099214603153,15.63
15.64,15.97,3519240,15.72,2016-05-05,-0.013182674199623268,-0.4698163164614648,15.95
15.68,16.0,6637775,15.93,2016-05-04,0.0,-0.4001494164768762,15.8
15.78,16.25,11065714,15.93,2016-05-03,-0.028658536585365768,0.3078175853418532,16.23
16.28,16.75,8461206,16.4,2016-05-02,-0.015606242496998934,0.19358821320484676,16.66
16.51,16.91,7088882,16.66,2016-04-29,-0.02172636523781568,0.4808787152886509,16.89
16.92,17.385,4786943,17.03,2016-04-28,-0.016175621028307163,-0.24776747551090195,17.17
17.25,17.52,6363648,17.31,2016-04-27,-0.002880184331797264,0.01240229594486908,17.3
17.23,17.465,6285691,17.36,2016-04-26,0.00871586287042403,0.07592287687780108,17.25
16.82,17.41,5842139,17.21,2016-04-25,-0.016009148084619618,-0.2658785793065369,17.36
17.33,17.7,7958001,17.49,2016-04-22,0.0017182130584190158,0.33291543642506705,17.44
17.32,17.74,5970372,17.46,2016-04-21,0.0034482758620690834,0.09747145097641297,17.34
17.07,17.5,5440116,17.4,2016-04-20,0.009280742459396807,-0.15522135057970143,17.07
17.15,17.48,6439694,17.24,2016-04-19,-0.01146788990825709,0.13745910295783448,17.46
17.14,17.485,5661473,17.44,2016-04-18,0.0022988505747127963,-0.5227213619438295,17.21
16.85,17.48,11861987,17.4,2016-04-15,0.00811123986094997,0.7929521877381103,17.41
17.06,17.4,6615897,17.26,2016-04-14,-0.013714285714285679,-0.19741458173378856,17.36
17.15,17.51,8243231,17.5,2016-04-13,0.015081206496519783,-0.06197803863431561,17.29
17.18,17.76,8787887,17.24,2016-04-12,-0.027636773829667338,0.49493038906965237,17.71
17.66,18.06,5878459,17.73,2016-04-11,-0.008943543879262217,-0.19251748252708833,17.95
17.81,18.295,7279983,17.89,2016-04-08,0.008455467869222133,-0.22663962873516408,17.85
17.625,18.04,9413442,17.74,2016-04-07,-0.012249443207127064,-0.09415356652707685,17.79
17.46,17.98,10391874,17.96,2016-04-06,0.019875070982396492,0.2520343696758225,17.65
17.56,17.91,8299991,17.61,2016-04-05,-0.023835920177383563,0.08256497222891768,17.87
17.93,18.45,7666968,18.04,2016-04-04,-0.019565217391304346,-0.48370356393503167,18.45
17.56,18.545,14849934,18.4,2016-04-01,0.037789058093626426,0.42930702652382124,17.61
17.5101,17.96,10389604,17.73,2016-03-31,-0.008943543879262217,-0.015437374265660275,17.84
17.63,17.915,10552507,17.89,2016-03-30,0.013597733711048221,0.780532720188182,17.72
17.22,17.68,5926601,17.65,2016-03-29,0.00799543118218149,0.07184717002083785,17.37
17.22,17.665,5529334,17.51,2016-03-28,-0.0034149117814455954,-0.3766234264046321,17.48
17.11,17.64,8869974,17.57,2016-03-24,0.006300114547537206,-0.22424161962032507,17.41
17.09,17.57,11433939,17.46,2016-03-23,-0.002855511136493516,0.010198696736008817,17.52
17.34,18.08,11318505,17.51,2016-03-22,-0.011293054771315592,0.054855932568281585,17.41
17.3,17.94,10729906,17.71,2016-03-21,0.021927293710328977,-0.6534589444241137,17.33
17.08,17.58,30962871,17.33,2016-03-18,0.00990675990675971,1.8489401241621546,17.17
16.96,17.33,10868207,17.16,2016-03-17,-0.0017452006980803736,-0.13151405988667064,17.13
16.6,17.23,12513970,17.19,2016-03-16,0.025044722719141488,-0.10192681439529938,16.71
16.25,16.88,13934243,16.77,2016-03-15,0.021937842778793293,0.441123171168607,16.36
16.04,16.57,9669016,16.41,2016-03-14,0.004898958971218725,-0.38351036738870237,16.2
16.0,16.44,15683988,16.33,2016-03-11,0.027044025157232587,0.09792414195209576,16.0
15.52,16.21,14285129,15.9,2016-03-10,0.02646868947708203,0.29055956748169787,15.55
15.3,15.835,11068942,15.49,2016-03-09,0.01707156927117537,-0.10006238375202858,15.34
15.205,15.79,12299677,15.23,2016-03-08,-0.04633688165309957,-0.33436876884482614,15.75
15.06,15.99,18478215,15.97,2016-03-07,0.03432642487046644,-0.4462564383027978,15.13
14.82,15.84,33369625,15.44,2016-03-04,0.1352941176470588,2.333048168231229,14.9
13.28,13.95,10011744,13.6,2016-03-03,-0.021582733812949728,-0.00047391846106581426,13.91
13.35,14.05,10016491,13.9,2016-03-02,0.046686746987951944,4.028295829620612,13.38
13.09,13.47,1992025,13.28,2016-03-01,0.0007535795026374359,-0.46881783853704884,13.42
13.21,13.47,3750173,13.27,2016-02-29,-0.012648809523809534,-0.6535618709493436,13.31
13.15,13.8,10824943,13.44,2016-02-26,-0.01754385964912286,-0.10388788051024933,13.78
13.24,13.71,12079898,13.68,2016-02-25,0.011086474501108778,-0.08670867136612448,13.45
12.82,13.57,13226774,13.53,2016-02-24,0.03361344537815114,-0.09696083588704951,13.0
12.84,13.82,14646955,13.09,2016-02-23,-0.051449275362318914,0.36180209171658806,13.72
13.57,13.88,10755568,13.8,2016-02-22,0.009509875640087762,0.14246212388372848,13.75
13.25,13.74,9414376,13.67,2016-02-19,0.010347376201034875,-0.1976917899382944,13.51
13.02,13.7,11734114,13.53,2016-02-18,0.03917050691244239,0.3541163282408868,13.05
12.37,13.135,8665514,13.02,2016-02-17,0.05596107055961075,-0.2764806365056447,12.39
12.27,12.49,11976893,12.33,2016-02-16,0.0032546786004883366,0.13531401282157018,12.41
12.18,12.79,10549410,12.29,2016-02-12,-0.008870967741935631,0.07271710237516915,12.5
12.015,12.67,9834289,12.4,2016-02-11,-0.035769828926905056,0.6437874799359018,12.57
12.71,13.07,5982701,12.86,2016-02-10,0.011006289308175932,-0.10525537314794464,12.77
12.31,12.86,6686490,12.72,2016-02-09,0.016786570743405393,-0.5486934905055403,12.37
12.37,13.05,14815851,12.51,2016-02-08,-0.05227272727272725,0.12006438318199164,13.0
13.035,13.75,13227678,13.2,2016-02-05,-0.04693140794223827,1.035293851548872,13.69
13.31,13.89,6499149,13.85,2016-02-04,0.03590127150336575,-0.13952997886144114,13.31
13.11,13.77,7553022,13.37,2016-02-03,-0.005947955390334547,-0.219528854305175,13.66
13.36,13.97,9677516,13.45,2016-02-02,-0.024655547498187103,0.01339023737429379,13.7
13.53,13.88,9549644,13.79,2016-02-01,0.0021802325581394832,-0.15950326991820474,13.67
13.35,13.88,11361905,13.76,2016-01-29,0.04321455648218353,0.1506397740263128,13.41
13.07,13.7,9874424,13.19,2016-01-28,-0.014936519790888836,-0.46579995159189,13.45
12.955,13.61,18484506,13.39,2016-01-27,-0.01544117647058818,0.7233142068468632,13.53
13.35,13.725,10726138,13.6,2016-01-26,0.019490254872563728,-0.04088988107133884,13.35
13.12,13.55,11183427,13.34,2016-01-25,-0.0007490636704119424,-0.26761243632129017,13.29
12.65,13.43,15269821,13.35,2016-01-22,0.07574536663980647,-0.08717781243394362,12.7
11.82,12.54,16728144,12.41,2016-01-21,0.029021558872305064,0.005293792598642266,12.0
11.625,12.2,16640055,12.06,2016-01-20,-0.02110389610389607,0.2874188721830164,12.0
12.2,12.78,12925129,12.32,2016-01-19,-0.01754385964912275,-0.3448824961547394,12.68
12.49,12.8,19729482,12.54,2016-01-15,-0.03538461538461546,0.4775870078571798,12.6
12.65,13.17,13352501,13.0,2016-01-14,0.019607843137254832,-0.24650538506661535,12.75
12.53,13.35,17720765,12.75,2016-01-13,-0.038461538461538436,0.4224006389289112,13.35
13.09,13.42,12458350,13.26,2016-01-12,0.0,-0.17553546666306663,13.35
13.07,13.71,15110838,13.26,2016-01-11,-0.020679468242245203,-0.08039360622361913,13.43
13.31,14.02,16431854,13.54,2016-01-08,-0.01239970824215908,-0.17197069701618561,13.77
13.65,14.56,19844532,13.71,2016-01-07,-0.07364864864864862,0.7538098429364162,14.5
14.51,15.0,11315099,14.8,2016-01-06,-0.015302727877578137,0.10006626589540524,14.62
14.94,15.25,10285834,15.03,2016-01-05,-0.006609385327164707,-0.3177723308638716,15.13
14.74,15.15,15076835,15.13,2016-01-04,-0.004605263157894668,1.2277394646658508,14.97
15.1,15.31,6767773,15.2,2015-12-31,-0.005235602094240788,0.07839585785220571,15.23
15.15,15.48,6275778,15.28,2015-12-30,0.0052631578947368585,3.983585714628646e-06,15.29
15.18,15.4371,6275753,15.2,2015-12-29,-0.001969796454366457,0.05819224110196619,15.29
14.82,15.28,5930636,15.23,2015-12-28,0.013981358189081305,1.7223996412142712,14.89
14.7901,15.17,2178459,15.02,2015-12-24,0.007377598926894713,-0.8063958213059788,14.81
14.05,14.97,11252128,14.91,2015-12-23,0.060455192034139404,0.5429777211471112,14.19
13.9201,14.14,7292476,14.06,2015-12-22,0.0028530670470756636,-0.26064204970874216,14.04
13.87,14.4,9863255,14.02,2015-12-21,-0.009887005649717562,-0.4891420766213208,14.12
14.0,14.385,19307237,14.16,2015-12-18,-0.01048218029350112,1.5319445730341705,14.27
14.22,14.72,7625458,14.31,2015-12-17,-0.026530612244897833,-0.02748512683638038,14.61
14.55,14.81,7840968,14.7,2015-12-16,0.009615384615384581,-0.3916419596983072,14.62
14.485,14.98,12888739,14.56,2015-12-15,0.008310249307479367,0.11806741226822992,14.51
13.92,14.5,11527694,14.44,2015-12-14,0.01833568406205921,0.08600578270094217,14.3
14.14,15.4,10614763,14.18,2015-12-11,-0.036684782608695676,-0.06479564645825397,14.99
14.53,14.81,11350207,14.72,2015-12-10,-0.008754208754208737,-0.20416023783605652,14.79
14.68,15.39,14261925,14.85,2015-12-09,-0.021094264996704082,0.22761360112126416,14.99
14.62,15.29,11617601,15.17,2015-12-08,-0.018122977346278324,0.21701922292256604,15.09
14.92,15.48,9545947,15.45,2015-12-07,0.015111695137976167,-0.20457633622293314,15.0
14.24,15.295,12001085,15.22,2015-12-04,0.04103967168262668,-0.3651979556990549,14.39
14.58,15.34,18905240,14.62,2015-12-03,-0.022073578595317778,0.4908240765544414,15.0
14.87,15.54,12681067,14.95,2015-12-02,-0.042280589365791155,-0.49490425974967844,15.37
14.85,15.88,25106264,15.61,2015-12-01,0.05047106325706596,-0.13712406812888223,14.88
14.18,15.0,29096030,14.86,2015-11-30,0.03554006968641121,3.8158537025395756,14.23
14.05,14.64,6041718,14.35,2015-11-27,0.01628895184135981,-0.7335503310401363,14.12
13.84,14.86,22674894,14.12,2015-11-25,0.03140978816654494,-0.05948106007909604,13.91
13.5,14.025,24108918,13.69,2015-11-24,-0.011552346570397165,0.5739619366149944,13.58
13.57,14.21,15317345,13.85,2015-11-23,-0.025334271639690487,-0.17464913544598715,14.17
13.68,14.63,18558586,14.21,2015-11-20,0.031204644412191618,0.40899659727209325,13.78
13.52,13.89,13171491,13.78,2015-11-19,0.01026392961876832,0.011598347986536695,13.53
13.1886,13.73,13020475,13.64,2015-11-18,0.03177004538577921,0.04828336174947112,13.48
13.12,13.49,12420759,13.22,2015-11-17,-0.01195814648729443,-0.09872861017133627,13.38
13.14,13.61,13781375,13.38,2015-11-16,-0.0007468259895444529,-0.07659589750647477,13.37
13.15,13.76,14924533,13.39,2015-11-13,-0.02262773722627731,-0.26738770407879253,13.61
13.59,13.82,20371666,13.7,2015-11-12,-0.029057406094968097,0.8503905803293135,13.81
14.09,14.31,11009387,14.11,2015-11-11,-0.020818875780707846,-0.2550032430479169,14.2
14.01,14.44,14777765,14.41,2015-11-10,0.014788732394366289,-0.1569094701030711,14.13
14.13,14.48,17528088,14.2,2015-11-09,-0.01388888888888895,-0.4166961373185175,14.26
13.15,14.48,30049669,14.4,2015-11-06,0.08433734939759052,0.35420119523429494,13.18
13.12,13.89,22189959,13.28,2015-11-05,-0.027818448023426146,-0.29592545692983396,13.64
13.61,14.51,31516491,13.66,2015-11-04,-0.04874651810584951,-0.2161171181774325,14.39
13.675,14.71,40205612,14.36,2015-11-03,-0.00897170462387864,-0.01615721531680292,14.07
13.86,15.17,40865891,14.49,2015-11-02,-0.015625,15.684872439959857,14.99
14.72,16.1,2449278,14.72,2015-10-30,-0.07711598746081494,7.432817115746129,15.9
15.55,16.27,290446,15.95,2015-10-29,-0.020270270270270396,-0.01982647196789966,16.01
15.845,16.35,296321,16.28,2015-10-28,0.034965034965035,-0.5340989313178736,15.9
15.6,16.75,636017,15.73,2015-10-27,-0.04202192448233866,0.2354666578606408,16.56
16.31,17.11,514799,16.42,2015-10-26,-0.034117647058823475,7.592872642296779,17.11
16.85,17.25,59910,17.0,2015-10-23,0.002949852507374784,-0.4553636363636364,17.25
16.24,17.05,110000,16.95,2015-10-22,0.02851941747572817,0.39952670551413516,16.71
16.4,17.35,78598,16.48,2015-10-21,-0.023117960877297006,-0.8892411841630592,17.25
16.25,16.93,709632,16.87,2015-10-20,0.01933534743202414,-0.5513133734958042,16.25
16.48,18.5,1581576,16.55,2015-10-19,,,18.5
