close,percentVol,low,percentChange,open,volume,high,time
9.5300,0.09253169021693375,9.2400,0.028047464940668787,9.2800,9252239,9.5800,2020-04-24
9.2700,-0.06517197174925271,9.0600,0.02657807308970095,9.0600,8468623,9.4800,2020-04-23
9.19,-0.9958955488671483,9.165,0.015469613259668336,9.335,31522,9.36,2020-04-22
9.0500,-0.11164450025488315,8.9800,-0.033119658119658,9.1700,7679955,9.2300,2020-04-21
9.3600,-0.13203997793639421,9.2700,-0.036045314109166005,9.4500,8645137,9.7500,2020-04-20
9.7100,-0.11268994979095825,9.4700,0.041845493562231884,9.4900,9960294,9.8000,2020-04-17
9.3200,-0.31766666678823763,9.2000,-0.021008403361344463,9.5800,11225269,9.5800,2020-04-16
9.5200,0.8441098007319137,9.3550,-0.08108108108108103,10.0100,16451298,10.0350,2020-04-15
10.3600,0.2872855509399308,10.3200,0.0,10.6200,8920997,10.7600,2020-04-14
10.3600,-0.4456212650385408,10.1750,-0.01614434947768284,10.4800,6930084,10.6000,2020-04-13
10.53,1.1399876742931978,10.42,0.029325513196480912,10.44,12500631,10.8,2020-04-09
10.23,-0.4428471607423783,9.76,0.05900621118012417,9.79,5841450,10.32,2020-04-08
9.6600,0.0029492130776316294,9.6500,-0.017293997965411978,10.2300,10484466,10.3900,2020-04-07
9.8300,0.5314447884235503,9.6100,0.05698924731182786,9.9500,10453636,10.1600,2020-04-06
9.3,-0.17093676184664774,9.21,-0.008528784648187626,9.36,6825996,9.61,2020-04-03
9.3800,-0.28467160894726085,9.1000,-0.02087682672233815,9.5000,8233384,9.8900,2020-04-02
9.58,0.23763458006803684,9.09,-0.013388259526261659,9.16,11509936,9.74,2020-04-01
9.71,-0.07714084697121859,9.675,-0.03383084577114426,10.09,9299947,10.16,2020-03-31
10.05,-0.19692179866910176,9.46,0.023421588594704668,9.8,10077320,10.22,2020-03-30
9.8200,-0.04040886196416016,9.5800,-0.06742640075973405,10.0200,12548367,10.2550,2020-03-27
10.53,-0.20364744843582694,9.46,0.12140575079872185,9.56,13076785,10.61,2020-03-26
9.3900,0.3152677064166687,8.8150,0.05033557046979875,9.0000,16420849,10.0800,2020-03-25
8.94,0.014444676922326982,8.21,0.14176245210727956,8.27,12484796,8.97,2020-03-24
7.83,-0.3834522466023689,7.6536,-0.09269988412514496,8.54,12307025,8.73,2020-03-23
8.63,0.12884074271041834,8.61,-0.052689352360043795,9.36,19961187,9.46,2020-03-20
9.11,0.08156166010027754,7.88,0.06799531066822984,8.29,17682908,9.31,2020-03-19
8.5300,0.008962433365240718,7.4300,0.03143893591293834,7.8100,16349422,8.6700,2020-03-18
8.27,-0.21621689076982553,7.68,-0.009580838323353325,8.49,16204193,8.66,2020-03-17
8.3500,0.4813671320924844,7.5900,-0.15314401622718055,8.5600,20674333,8.8500,2020-03-16
9.8600,-0.13105687128841093,8.9400,0.08114035087719307,9.6900,13956252,9.8900,2020-03-13
9.1200,0.023530029541265263,8.9800,-0.13718070009460748,9.7800,16061180,9.9500,2020-03-12
10.5700,0.06867826561905166,10.5000,-0.08246527777777768,11.2000,15691948,11.2200,2020-03-11
11.5200,-0.015432755011526633,10.9400,0.03411131059245953,11.3900,14683510,11.5950,2020-03-10
11.1400,-0.0773412336222733,10.7500,-0.0708924103419516,11.1900,14913669,11.5100,2020-03-09
11.9900,-0.08235637084531688,11.4000,0.016963528413910245,11.4500,16163797,12.0750,2020-03-06
11.7900,-0.32799784525431375,11.6300,-0.038336052202283866,11.8000,17614460,11.9700,2020-03-05
12.2600,0.715752755068384,11.4300,-0.026211278792692583,11.9000,26211910,12.2800,2020-03-04
12.5900,-0.01667763451773252,12.4250,-0.023273855702094726,12.6200,15277207,13.3300,2020-03-03
12.8900,-0.33214041548137185,12.3400,0.00781860828772496,12.7900,15536316,12.8900,2020-03-02
12.7900,0.8895517575106782,12.0600,0.01669316375198715,12.2800,23262848,12.8000,2020-02-28
12.58,0.20204709084179195,12.52,-0.03527607361963181,12.75,12311305,13.08,2020-02-27
13.0400,-0.08914319448196961,13.0100,-0.02175543885971498,13.4400,10241949,13.5700,2020-02-26
13.33,0.018032378426984907,13.19,-0.027716994894237845,13.78,11244302,13.79,2020-02-25
13.71,0.30246571678802225,13.61,-0.03314527503526088,13.74,11045132,14.02,2020-02-24
14.18,-0.0723226930454266,14.09,-0.020041465100207434,14.34,8480171,14.45,2020-02-21
14.47,0.2517013677078006,14.37,0.0,14.42,9141294,14.66,2020-02-20
14.4700,0.32908938997173887,14.3700,0.006258692628650975,14.3800,7303095,14.5500,2020-02-19
14.38,-0.32287376589653183,14.2101,-0.0041551246537395725,14.25,5494811,14.4,2020-02-18
14.44,-0.10119317398945826,14.35,-0.017687074829931926,14.73,8114899,14.82,2020-02-14
14.7000,0.15419910798933523,14.5500,-0.021956087824351322,14.8000,9028524,14.8200,2020-02-13
15.03,0.5715204696925438,14.95,0.010759919300605159,14.99,7822328,15.18,2020-02-12
14.87,-0.2639830248453864,14.8,0.00677048070413,14.86,4977554,14.985,2020-02-11
14.77,0.06316642199948364,14.55,0.002035278154681075,14.65,6762825,14.78,2020-02-10
14.74,0.005081641072540499,14.64,-0.012064343163538882,14.74,6361022,14.79,2020-02-07
14.9200,-0.17632648641585613,14.8000,0.002014775016789816,14.9900,6328861,15.0800,2020-02-06
14.89,-0.07513407707451747,14.6,0.032593619972260734,14.6,7683701,14.91,2020-02-05
14.42,-0.09561121650455962,14.38,0.01980198019801982,14.47,8307908,14.715,2020-02-04
14.14,-0.2472953530292218,14.01,0.015075376884422065,14.06,9186213,14.44,2020-02-03
13.93,0.7590446658206991,13.81,-0.03398058252427183,14.31,12204273,14.34,2020-01-31
14.42,-0.02606937411799981,14.15,0.0,14.26,6938012,14.51,2020-01-30
14.42,0.12171224285353022,14.41,-0.013679890560875485,14.75,7123723,14.75,2020-01-29
14.62,-0.4524876337322541,14.52,0.00688705234159781,14.58,6350758,14.74,2020-01-28
14.5200,0.21044270559130118,14.3000,-0.016260162601625994,14.4600,11599296,14.6300,2020-01-27
14.7600,0.567829861951888,14.6950,-0.02638522427440637,15.1500,9582689,15.2200,2020-01-24
15.16,-0.49554983965821264,14.79,0.008649367930805063,15.04,6112072,15.1776,2020-01-23
15.03,-0.09088320469259326,14.9,0.008724832214765055,14.96,12116305,15.07,2020-01-22
14.9,-0.28833116856625773,14.74,-0.013245033112582738,15.01,13327556,15.04,2020-01-21
15.1,1.7451938334831714,14.98,-0.04248573240329745,15.79,18727188,15.79,2020-01-17
15.77,-0.016160541943135875,15.515,0.018076178179470492,15.6,6821809,15.8,2020-01-16
15.49,-0.09586532171278861,15.43,-0.003217503217503137,15.5,6933864,15.65,2020-01-15
15.5400,-0.2424729933744325,15.5000,-0.0006430868167203174,15.5700,7669061,15.6700,2020-01-14
15.55,0.3432450132894034,15.45,0.005171299288946329,15.47,10123812,15.66,2020-01-13
15.4700,-0.29354593853440836,15.4600,-0.01276324186343325,15.6700,7536832,15.7400,2020-01-10
15.6700,0.3991664703805573,15.4500,-0.005710659898477188,15.8000,10668538,15.8000,2020-01-09
15.7600,-0.10813698310320896,15.4900,0.007672634271099765,15.5700,7624924,15.8050,2020-01-08
15.6400,-0.0648736281717649,15.5700,-0.0050890585241730735,15.6900,8549434,15.7650,2020-01-07
15.7200,0.17179998249197626,15.5900,-0.003170577045022105,15.6100,9142544,15.7800,2020-01-06
15.7700,-0.09280609727780331,15.7100,-0.02473716759431055,15.9000,7802137,15.9600,2020-01-03
16.17,0.17193665655838064,15.97,0.019546027742749272,16.0,8600297,16.18,2020-01-02
15.86,-0.2773799455327104,15.62,0.005069708491761693,15.69,7338534,15.9,2019-12-31
15.78,0.3732121318657544,15.69,-0.007547169811320864,15.92,10155453,15.99,2019-12-30
15.9,1.111716465643275,15.87,-0.003759398496240629,16.02,7395400,16.11,2019-12-27
15.96,0.7315137197820183,15.9,0.002512562814070307,15.94,3502080,15.99,2019-12-26
15.9200,-0.7996220809877689,15.8050,0.005050505050504972,15.8200,2022554,15.9800,2019-12-24
15.84,-0.4824883919133487,15.54,0.016688061617458283,15.61,10093697,15.905,2019-12-23
15.58,0.8374477455331111,15.58,-0.010165184243964398,15.82,19504291,15.85,2019-12-20
15.7400,-0.006898646120700902,15.6800,-0.010685103708359511,15.8800,10614882,15.9950,2019-12-19
15.91,0.20439879833021046,15.78,0.004419191919192045,15.8,10688619,16.17,2019-12-18
15.8400,0.28572235736721807,15.8100,-0.01492537313432829,16.0800,8874651,16.1000,2019-12-17
16.08,-0.0710715806940656,16.07,0.003119151590767144,16.11,6902463,16.35,2019-12-16
16.03,-0.17735224770022118,15.99,-0.022560975609755896,16.37,7430565,16.45,2019-12-13
16.4,0.3462833409174342,15.865,0.03339634530560809,15.87,9032499,16.44,2019-12-12
15.87,-0.025534577474536357,15.84,0.0018939393939394478,15.88,6709211,16.09,2019-12-11
15.84,0.02524402162105499,15.71,-0.003146633102580232,15.75,6885017,15.95,2019-12-10
15.89,0.2653209459650423,15.755,-0.0012570710245128902,15.84,6715491,16.01,2019-12-09
15.91,-0.3367788121795403,15.88,-0.0012554927809165228,16.04,5307342,16.11,2019-12-06
15.93,0.5273548364439513,15.8,0.012071156289707785,15.84,8002371,15.97,2019-12-05
15.74,-0.20466710455749015,15.68,0.00832799487508007,15.68,5239366,15.88,2019-12-04
15.6100,-0.3233951116623577,15.3650,-0.009517766497461944,15.5000,6587639,15.6200,2019-12-03
15.76,1.0260088982519164,15.75,-0.004421983575489619,15.83,9736316,15.99,2019-12-02
15.83,-0.43105679317996914,15.805,-0.006900878293600976,15.9,4805663,16.04,2019-11-29
15.94,-0.69578881713859,15.78,-0.0018785222291798354,15.93,8446648,15.98,2019-11-27
15.97,1.443533608584746,15.75,-0.08481375358166177,16.48,27765738,16.67,2019-11-26
17.45,0.6993644737934237,17.01,0.01927570093457942,17.16,11362945,17.46,2019-11-25
17.12,0.23030008526341317,17.04,0.0023419203747074846,17.12,6686585,17.285,2019-11-22
17.08,-0.15526958477679131,16.99,-0.00233644859813098,17.07,5434922,17.23,2019-11-21
17.12,-0.29373175714318644,17.05,-0.01834862385321101,17.36,6433913,17.4,2019-11-20
17.44,0.10723197051442601,17.27,0.0092592592592593,17.34,9109730,17.58,2019-11-19
17.28,-0.17006650175892846,17.06,0.0029019152640743506,17.22,8227481,17.28,2019-11-18
17.23,-0.09964317852299454,17.04,0.01174398120963005,17.15,9913422,17.27,2019-11-15
17.03,0.2749269095654012,16.98,-0.01160766105629707,17.16,11010548,17.2,2019-11-14
17.23,0.026968781582859425,17.14,-0.006343713956170616,17.27,8636219,17.32,2019-11-13
17.34,0.4910154436108649,17.26,-0.0068728522336770626,17.51,8409427,17.54,2019-11-12
17.46,-0.04433147883880195,17.33,0.001721170395869276,17.44,5640067,17.59,2019-11-11
17.43,-0.35208596289706384,17.05,0.014551804423748482,17.18,5901698,17.44,2019-11-08
17.18,-0.2889725081591886,17.02,0.01416765053128688,17.08,9108767,17.35,2019-11-07
16.94,-0.04662085639809954,16.82,0.0065359477124184995,16.96,12810710,17.03,2019-11-06
16.83,0.2749214391438006,16.765,0.0108108108108107,16.78,13437162,16.94,2019-11-05
16.65,0.5063235834482771,16.59,0.009090909090909038,16.59,10539600,16.8,2019-11-04
16.5,0.22217905826453066,15.81,0.005484460694698434,16.1,6996903,16.53,2019-11-01
16.41,-0.11271873839548141,16.1,0.006131207847946074,16.35,5724941,16.43,2019-10-31
16.31,-0.005801648104433399,16.19,-0.009113001215066974,16.48,6452228,16.48,2019-10-30
16.46,0.17207096488146778,16.22,0.0018259281801582539,16.32,6489880,16.545,2019-10-29
16.43,-0.12786017297873187,16.27,0.01670792079207928,16.28,5537105,16.4775,2019-10-28
16.16,-0.2502009759037952,15.9,0.016991818753933297,15.91,6348873,16.2,2019-10-25
15.89,-0.2295820803422821,15.675,-0.00811485642946308,16.17,8467433,16.235,2019-10-24
16.02,0.010680900756270262,15.7,0.004388714733542409,15.9,10990701,16.2,2019-10-23
15.95,-0.44259018507128756,15.87,-0.00125234815278652,16.02,10874551,16.09,2019-10-22
15.97,0.9534282084173209,15.79,0.04039087947882747,15.85,19509077,16.41,2019-10-21
15.35,1.0834600496712747,15.2,0.00920447074293218,15.23,9987097,15.39,2019-10-18
15.21,-0.0792823130368876,15.025,0.007952286282306265,15.08,4793515,15.29,2019-10-17
15.09,-0.31590159132989515,15.04,-0.0033025099075297826,15.17,5206281,15.215,2019-10-16
15.14,-0.12970280046154037,14.69,0.012709030100334529,14.94,7610427,15.27,2019-10-15
14.95,0.3438376864298307,14.59,0.04181184668989535,14.62,8744630,14.95,2019-10-14
14.35,0.46109200073647294,14.28,0.01700921332388372,14.36,6507207,14.535,2019-10-11
14.11,-0.2960128428188381,13.98,0.002842928216062468,14.01,4453660,14.25,2019-10-10
14.07,-0.47468168701398605,13.95,0.015884476534296033,13.97,6326337,14.225,2019-10-09
13.85,0.4571463107332143,13.82,-0.03484320557491294,14.19,12042864,14.215,2019-10-08
14.35,-0.15235468570003252,14.33,-0.003472222222222321,14.4,8264691,14.665,2019-10-07
14.4,0.6878377129190478,14.245,-0.006896551724137945,14.51,9750176,14.51,2019-10-04
14.5,-0.22401464192762988,14.05,0.0041551246537396835,14.39,5776726,14.5,2019-10-03
14.44,-0.060007730175704266,14.31,-0.01433447098976115,14.53,7444375,14.555,2019-10-02
14.65,-0.2904494487723369,14.64,-0.03427818061964405,15.31,7919613,15.395,2019-10-01
15.17,0.09161595289213254,14.99,0.011333333333333417,15.0,11161450,15.32,2019-09-30
15.0,0.4624059956805926,14.69,0.025290498974709363,14.74,10224704,15.1,2019-09-27
14.63,-0.13619348910027573,14.35,0.00274160383824551,14.53,6991700,14.7,2019-09-26
14.59,-0.4970828029150348,14.19,0.023859649122806914,14.25,8094058,14.67,2019-09-25
14.25,0.3310442172181416,14.14,-0.01041666666666674,14.43,16094216,14.57,2019-09-24
14.4,-0.38334447500783353,14.21,-0.0020790020790020236,14.3,12091421,14.485,2019-09-23
14.43,0.3479977335452762,14.35,-0.028282828282828243,14.87,19608064,14.93,2019-09-20
14.85,0.1428721158932751,14.69,0.00746268656716409,14.79,14546066,14.97,2019-09-19
14.74,0.7535229197476112,14.62,-0.016677785190126748,14.87,12727641,14.99,2019-09-18
14.99,-0.3657937737516297,14.75,-0.008597883597883493,15.01,7258326,15.01,2019-09-17
15.12,0.24009295544081022,15.09,-0.013054830287206332,15.19,11444741,15.37,2019-09-16
15.32,0.08572956599466042,15.21,-0.0026041666666666297,15.35,9228938,15.4,2019-09-13
15.36,0.07213789408255611,15.1,-0.0006506180871828082,15.34,8500218,15.455,2019-09-12
15.37,-0.2380086105359167,14.92,0.018555334658714395,15.15,7928288,15.4,2019-09-11
15.09,-0.19368707833460852,14.86,0.00936454849498336,14.86,10404695,15.17,2019-09-10
14.95,0.500555903960541,14.63,0.026080988332189303,14.66,12904041,15.04,2019-09-09
14.57,-0.08325990996883015,14.39,0.011805555555555625,14.47,8599507,14.61,2019-09-06
14.4,0.3528355160156309,13.91,0.047272727272727355,13.95,9380529,14.5,2019-09-05
13.75,-0.12311655622120854,13.53,0.01927353595255754,13.61,6933976,13.78,2019-09-04
13.49,-0.10559946830404165,13.375,-0.02387843704775683,13.67,7907523,13.75,2019-09-03
13.82,-0.21033852983685952,13.68,0.01023391812865504,13.85,8841143,13.92,2019-08-30
13.68,-0.2547076372557314,13.63,0.023186237845923774,13.69,11196118,13.82,2019-08-29
13.37,0.054787035538487405,13.09,0.03402938901778807,13.5,15022451,13.829,2019-08-28
12.93,0.6347371302672515,12.87,-0.0007727975270478415,13.05,14242165,13.17,2019-08-27
12.94,-0.2818236074325221,12.79,0.014901960784313717,12.92,8712205,13.06,2019-08-26
12.75,0.5354338631805642,12.69,-0.037735849056603765,13.03,12131010,13.28,2019-08-23
13.25,0.06004128425288191,13.03,0.01377199693955622,13.16,7900705,13.32,2019-08-22
13.07,0.465882537124475,12.94,0.01004636785162294,13.13,7453205,13.235,2019-08-21
12.94,-0.2934503882414069,12.87,-0.012967200610221163,12.94,5084449,13.06,2019-08-20
13.11,-0.33483983007936813,12.99,0.024218749999999956,12.99,7196167,13.2201,2019-08-19
12.8,-0.018687989399829186,12.73,0.009463722397476504,12.8,10818698,12.885,2019-08-16
12.68,-0.024441333984842717,12.52,-0.013996889580093264,12.88,11024728,12.97,2019-08-15
12.86,-0.062019283282852555,12.84,-0.040298507462686595,13.11,11300938,13.16,2019-08-14
13.4,0.7976151470390762,13.03,0.024464831804281273,13.09,12048156,13.68,2019-08-13
13.08,-0.4053907406927677,13.0,-0.023151605675877596,13.24,6702300,13.29,2019-08-12
13.39,0.03654368588486223,13.29,-0.011808118081180874,13.46,11271772,13.55,2019-08-09
13.55,0.35487611180911105,13.11,0.03751914241960175,13.14,10874382,13.58,2019-08-08
13.06,-0.1634726154574131,12.77,-0.0007651109410864443,12.88,8026108,13.14,2019-08-07
13.07,-0.3691082116725326,12.92,0.01317829457364339,13.17,9594555,13.2,2019-08-06
12.9,-0.2983145763361883,12.6105,-0.02788244159758846,13.02,15207925,13.11,2019-08-05
13.27,1.7420415861653904,13.02,-0.0615275813295616,13.74,21673423,13.84,2019-08-02
14.14,-0.05059037519253062,14.105,-0.016005567153792533,14.33,7904119,14.709000000000001,2019-08-01
14.37,0.5523964877754799,14.23,-0.01642710472279263,14.63,8325299,14.665,2019-07-31
14.61,-0.1130605071902896,14.51,-0.0034106412005457942,14.56,5362869,14.76,2019-07-30
14.66,-0.12282199307889008,14.56,0.002050580997949414,14.59,6046488,14.745,2019-07-29
14.63,-0.2187038723560285,14.46,0.008270158511371584,14.54,6893114,14.73,2019-07-26
14.51,0.09354794608329997,14.435,-0.015603799185888723,14.72,8822665,14.72,2019-07-25
14.74,-0.08018776287509366,14.59,0.008898015058179443,14.64,8067927,14.845,2019-07-24
14.61,-0.26629383308881416,14.37,0.02167832167832162,14.4,8771276,14.655,2019-07-23
14.3,1.0736735673750548,14.26,-0.03638814016172498,14.8,11954753,14.87,2019-07-22
14.84,-0.3035227179785118,14.78,0.006101694915254141,14.79,5765012,14.96,2019-07-19
14.75,0.16569682371268835,14.6,0.004084411164057222,14.61,8277387,14.82,2019-07-18
14.69,0.014905410118172924,14.67,-0.008102633355840716,14.8,7100806,14.85,2019-07-17
14.81,0.5027316066520786,14.785,-0.010026737967914423,14.98,6996520,15.03,2019-07-16
14.96,-0.4224828014446774,14.87,0.0033534540576793948,14.89,4655868,15.05,2019-07-15
14.91,-0.3764746127768631,14.64,0.021232876712328874,14.64,8061869,14.975,2019-07-12
14.6,0.8256530776585149,14.48,-0.011509817197020933,14.79,12929496,14.875,2019-07-11
14.77,-0.05351846028447149,14.76,-0.00672494956287828,15.01,7082121,15.13,2019-07-10
14.87,0.019030097610707175,14.655,-0.010645375914837052,14.92,7482577,14.94,2019-07-09
15.03,0.22004093696773674,14.855,-0.009228740936058077,15.08,7342842,15.08,2019-07-08
15.17,-0.005045592343382643,15.025,-0.007848266841072538,15.16,6018521,15.29,2019-07-05
15.29,-0.18746717451966333,15.045,0.013925729442970658,15.07,6049042,15.315,2019-07-03
15.08,-0.2718306324190699,14.965,-0.003963011889035695,15.13,7444674,15.22,2019-07-02
15.14,-0.5020820239666159,15.04,0.012709030100334529,15.24,10223822,15.485,2019-07-01
14.95,2.304084674597508,14.94,-0.0013360053440214514,15.03,20533145,15.17,2019-06-28
14.97,-0.26084983667142747,14.94,0.0006684491978610207,14.99,6214473,15.22,2019-06-27
14.96,0.022414311187285207,14.86,0.013550135501354976,14.87,8407592,15.12,2019-06-26
14.76,0.2074468053865346,14.75,-0.016655562958027947,14.96,8223273,15.015,2019-06-25
15.01,-0.5618062082618287,14.95,0.0046854082998661895,15.02,6810464,15.11,2019-06-24
14.94,0.5483041616582798,14.84,-0.0040000000000000036,15.03,15542128,15.06,2019-06-21
15.0,0.04158900876734428,14.74,0.01971447994561526,14.98,10038162,15.04,2019-06-20
14.71,0.17928297285374906,14.61,0.008224811514736086,14.67,9637354,14.84,2019-06-19
14.59,-0.17480397061119246,14.375,0.020279720279720248,14.41,8172215,14.74,2019-06-18
14.3,0.6699543481556389,14.11,0.010600706713780994,14.18,9903362,14.43,2019-06-17
14.15,-0.1758079427271535,14.05,-0.013937282229965153,14.25,5930319,14.25,2019-06-14
14.35,0.2159117159631725,14.17,0.014851485148514865,14.21,7195312,14.36,2019-06-13
14.14,-0.17192636648807902,14.11,-0.008415147265077083,14.25,5917627,14.31,2019-06-12
14.26,-0.19203531038250432,14.11,0.0,14.27,7146257,14.4085,2019-06-11
14.26,-0.0075469957831123535,14.18,0.012065294535131388,14.18,8844764,14.39,2019-06-10
14.09,-0.14670654181984089,13.89,0.0071479628305932685,13.98,8912023,14.16,2019-06-07
13.99,0.17166025003385088,13.69,-0.00709723207948898,13.99,10444265,14.055,2019-06-06
14.09,0.0003409256051625231,13.92,-0.002830856334041121,14.33,8914073,14.36,2019-06-05
14.13,-0.1970572819121621,13.82,0.03214024835646456,13.85,8911035,14.175,2019-06-04
13.69,-0.20655033092185393,13.55,-0.0021865889212828726,13.74,11097971,13.875,2019-06-03
13.72,0.5470151662254679,13.59,-0.035161744022503494,13.95,13986988,13.98,2019-05-31
14.22,0.08548880753405563,14.135,0.006369426751592355,14.25,9041274,14.36,2019-05-30
14.13,-0.49627355648430804,13.99,-0.0028228652081861982,14.06,8329219,14.285,2019-05-29
14.17,-0.3337728458009892,14.145,-0.015288394718554588,14.44,16535203,14.63,2019-05-28
14.39,0.9977347246039914,14.28,0.004888268156424624,14.28,24819167,15.17,2019-05-24
14.32,0.40861551495204584,14.27,-0.02651257647858607,14.52,12423655,14.54,2019-05-23
14.71,-0.20811666317252975,14.67,-0.035409836065573685,15.17,8819763,15.21,2019-05-22
15.25,-0.023685330479172095,14.86,0.03389830508474567,14.88,11137705,15.31,2019-05-21
14.75,-0.301428085653909,14.37,0.008891928864569243,14.4,11407905,14.87,2019-05-20
14.62,0.1538053592174402,14.47,0.006194081211287061,14.62,16330323,14.92,2019-05-17
14.53,-0.07409135203906736,14.43,0.007628294036061023,14.44,14153447,14.68,2019-05-16
14.42,0.6659248150193409,14.05,0.012640449438202195,14.06,15286008,14.445,2019-05-15
14.24,-0.256805670693654,14.19,0.005649717514124353,14.19,9175689,14.395,2019-05-14
14.16,-0.15687810354535292,14.09,-0.04259634888438124,14.45,12346285,14.53,2019-05-13
14.79,0.9458983481663406,14.77,-0.028252299605782016,15.08,14643535,15.185,2019-05-10
15.22,0.3547211963502461,14.865,-0.008469055374592749,15.17,7525334,15.23,2019-05-09
15.35,-0.26576396885670084,15.33,-0.005184705119896327,15.42,5554895,15.54,2019-05-08
15.43,0.36472424360659583,15.33,-0.014687100893997496,15.47,7565544,15.62,2019-05-07
15.66,0.0786833844819923,15.45,-0.016949152542372836,15.59,5543643,15.73,2019-05-06
15.93,0.006640464170443394,15.77,0.012071156289707785,15.78,5139268,15.96,2019-05-03
15.74,-0.22761698418838805,15.64,-0.0031665611146294292,15.81,5105366,15.97,2019-05-02
15.79,-0.36350704073180395,15.78,-0.0012650221378874837,15.95,6609889,16.07,2019-05-01
15.81,0.33225511347286907,15.53,0.006365372374283806,15.68,10384858,15.81,2019-04-30
15.71,-0.3287959516347482,15.67,-0.0038046924540265925,15.73,7794947,15.965,2019-04-29
15.77,0.18718614784109988,15.595,-0.014990630855715281,15.87,11613379,15.94,2019-04-26
16.01,0.06943666574215057,15.935,-0.015980331899200895,16.26,9782273,16.31,2019-04-25
16.27,-0.11294668677047259,16.26,-0.015728977616454975,16.51,9147127,16.61,2019-04-24
16.53,0.9012378183598906,16.5,-0.003616636528028905,16.61,10311812,16.69,2019-04-23
16.59,-0.43662332312232655,16.58,-0.004201680672268893,16.66,5423736,16.68,2019-04-22
16.66,0.05363908063488054,16.515,0.005431502715751435,16.59,9627193,16.71,2019-04-18
16.57,-0.3561311585616572,16.43,-0.001807228915662762,16.63,9137088,16.69,2019-04-17
16.6,1.7116394634854188,16.48,0.006670709520921969,16.5,14190915,16.695,2019-04-16
16.49,-0.0012900531937022341,16.36,0.005487804878048674,16.36,5233334,16.5,2019-04-15
16.4,-0.24984463902641885,16.29,0.007990165949600447,16.39,5240094,16.48,2019-04-12
16.27,0.23534919041317348,16.1,0.0,16.18,6985345,16.325,2019-04-11
16.27,0.12664000903774508,15.94,0.02006269592476495,15.97,5654551,16.27,2019-04-10
15.95,-0.21751074939317128,15.9,-0.014823965410747486,16.12,5018951,16.14,2019-04-09
16.19,0.05427541446426121,16.0621,0.002476780185758587,16.14,6414083,16.26,2019-04-08
16.15,-0.36053731918709253,16.0,0.004978220286247614,16.01,6083878,16.17,2019-04-05
16.07,-0.2208508424007044,15.85,0.013880126182965302,15.9,9514047,16.11,2019-04-04
15.85,0.8830484532584892,15.74,0.0018963337547408532,16.02,12210816,16.08,2019-04-03
15.82,-0.41026300254762094,15.815,-0.005031446540880502,15.93,6484600,16.01,2019-04-02
15.9,0.10651151000507086,15.54,0.030460142579390892,15.55,10995749,15.91,2019-04-01
15.43,0.02984135426169665,15.325,0.011140235910878094,15.42,9937311,15.46,2019-03-29
15.26,0.24959673555228057,15.23,0.0,15.35,9649361,15.535,2019-03-28
15.26,-0.16740452513901427,15.17,-0.003265839320705455,15.36,7721980,15.435,2019-03-27
15.31,-0.2526980611346731,15.18,0.010561056105610644,15.19,9274588,15.455,2019-03-26
15.15,0.005307877037921571,15.05,-0.009156311314584609,15.3,12410764,15.38,2019-03-25
15.29,-0.3033660065050654,15.27,-0.04556803995006242,15.8,12345237,15.94,2019-03-22
16.02,0.7119163755795781,15.89,0.00945179584120992,15.89,17721267,16.12,2019-03-21
15.87,-0.33225856578554647,15.77,-0.0006297229219144329,15.87,10351713,16.04,2019-03-20
15.88,0.34577581278942926,15.831,0.002525252525252597,15.9,15502577,16.04,2019-03-19
15.84,-0.43053003100352505,15.74,-0.01431238332296203,16.0,11519435,16.11,2019-03-18
16.07,1.0033241263336365,15.66,0.02618135376756059,15.66,20228345,16.105,2019-03-15
15.66,-0.10690192999733061,15.49,0.009020618556700999,15.59,10097390,15.715,2019-03-14
15.52,-0.3603978083407532,15.32,0.013716525146962644,15.38,11306026,15.59,2019-03-13
15.31,0.5122413795758456,15.13,-0.036500943989930756,15.35,17676653,15.49,2019-03-12
15.89,0.49815874145377137,15.635,0.017937219730941756,15.64,11689042,15.93,2019-03-11
15.61,-0.4508509753565825,15.415,-0.0038289725590300305,15.52,7802272,15.665,2019-03-08
15.67,1.2398000565312604,15.6,-0.018170426065162948,15.86,14207932,15.94,2019-03-07
15.96,-0.5998660583678701,15.94,-0.01115241635687736,16.11,6343393,16.14,2019-03-06
16.14,0.08240180638199712,15.92,-0.0012376237623762387,16.09,15853174,16.24,2019-03-05
16.16,-0.33060356129514423,15.94,-0.013431013431013383,16.45,14646293,16.52,2019-03-04
16.38,0.6220055332417056,16.255,0.0,16.54,21879849,16.54,2019-03-01
16.38,0.6094536661853993,16.34,-0.01916167664670665,16.6,13489380,16.65,2019-02-28
16.7,-0.16599306671007852,16.695,-0.005952380952381042,16.75,8381341,16.815,2019-02-27
16.8,-0.23346168103967746,16.71,0.0023866348448686736,16.73,10049486,16.97,2019-02-26
16.76,-0.4167652573383357,16.345,0.026960784313725616,16.35,13110220,16.92,2019-02-25
16.32,0.41288064590662743,16.01,0.005545286506469571,16.5,22478462,16.5,2019-02-22
16.23,0.6219322438193253,16.03,0.01121495327102795,16.11,15909668,16.39,2019-02-21
16.05,0.14206630401992526,16.03,-0.0024860161591049312,16.1,9809083,16.22,2019-02-20
16.09,-0.2802208222380983,15.98,0.0,16.03,8588891,16.13,2019-02-19
16.09,0.4974547720702083,15.99,0.0062539086929329635,16.11,11932675,16.24,2019-02-15
15.99,-0.3329249835086274,15.86,-0.0037383177570093906,15.91,7968638,16.13,2019-02-14
16.05,-0.1408788299144852,16.03,0.0031250000000000444,16.1,11945640,16.24,2019-02-13
16.0,0.7511845962624655,15.97,0.010101010101010166,16.01,13904488,16.15,2019-02-12
15.84,-0.0055934411636040515,15.83,-0.005025125628140725,15.91,7940047,16.045,2019-02-11
15.92,0.30138523939026785,15.62,0.00441640378548902,15.66,7984709,15.925,2019-02-08
15.85,-0.1429613073433229,15.75,-0.014916096954630254,15.91,6135546,16.095,2019-02-07
16.09,0.0804831637071508,15.9,0.012586532410320928,15.94,7159007,16.19,2019-02-06
15.89,-0.27932658286115053,15.78,0.0063331222292590805,15.79,6625746,16.099,2019-02-05
15.79,0.004555330532165502,15.58,0.006373486297004405,15.73,9193826,15.85,2019-02-04
15.69,-0.23386182024446744,15.565,0.006414368184733732,15.69,9152135,15.81,2019-02-01
15.59,0.5212917516883677,15.35,0.0045103092783504994,15.47,11945802,15.65,2019-01-31
15.52,-0.6240042278657609,15.275,0.009759271307742345,15.48,7852407,15.67,2019-01-30
15.37,-0.2880947672741353,15.365,-0.0185185185185186,15.75,20884296,15.86,2019-01-29
15.66,0.6440647731385518,15.07,0.020195439739413734,15.11,29335781,15.67,2019-01-28
15.35,1.5174371513532634,14.905,0.0399728997289972,14.94,17843446,15.38,2019-01-25
14.76,0.03755305829653399,14.44,0.02216066481994461,14.48,7087941,14.88,2019-01-24
14.44,-0.2837408655060476,14.32,-0.0006920415224913601,14.52,6831401,14.69,2019-01-23
14.45,0.06734173730437654,14.35,-0.01566757493188009,14.66,9537611,14.66,2019-01-22
14.68,0.432032634719983,14.38,0.028731604765241725,14.38,8935855,14.75,2019-01-18
14.27,-0.4908948204908965,14.1,-0.0034916201117318746,14.26,6239980,14.4,2019-01-17
14.32,0.8060638192374245,13.73,-0.008310249307479145,13.77,12256760,14.37,2019-01-16
14.44,-0.24260562586479095,14.17,0.0197740112994349,14.21,6786449,14.49,2019-01-15
14.16,0.37697448383000576,14.01,-0.005617977528089901,14.11,8960258,14.3067,2019-01-14
14.24,-0.2394704723022134,13.89,0.007784854918612805,14.04,6507207,14.26,2019-01-11
14.13,0.11581032972022953,13.88,0.004978662873399653,13.99,8556153,14.14,2019-01-10
14.06,-0.39775190552156725,13.88,0.018840579710144967,13.88,7668107,14.195,2019-01-09
13.8,0.5861140686665265,13.685,-0.019189765458422103,14.19,12732472,14.31,2019-01-08
14.07,-0.28816177650101016,13.75,0.019565217391304346,13.82,8027463,14.17,2019-01-07
13.8,-0.05406793293791334,13.45,0.047040971168437196,13.51,11277089,13.92,2019-01-04
13.18,0.09720026697256356,12.93,-0.0208023774145617,13.28,11921669,13.37,2019-01-03
13.46,0.6835912569135787,12.95,0.018925056775170424,12.95,10865536,13.64,2019-01-02
13.21,-0.260479505753762,13.03,0.013814274750575617,13.17,6453785,13.255,2018-12-31
13.03,0.07075851589956872,12.97,-0.005343511450381699,13.21,8726986,13.315,2018-12-28
13.1,-0.20965011702588998,12.54,0.022638563622170205,12.69,8150284,13.12,2018-12-27
12.81,0.9095998788196171,12.0868,0.044009779951100336,12.34,10312248,12.86,2018-12-26
12.27,-0.7876241626775348,12.225,-0.026962727993655844,12.46,5400214,12.595,2018-12-24
12.61,0.3723641189658653,12.485,-0.003162055335968472,12.66,25427629,13.0,2018-12-21
12.65,0.29569889427751184,12.595,-0.039483675018982534,13.08,18528340,13.16,2018-12-20
13.17,0.11674084204365909,13.07,-0.03374908290535594,13.59,14299881,13.84,2018-12-19
13.63,-0.2499737007835644,13.54,0.0029433406916852256,13.71,12805013,13.93,2018-12-18
13.59,0.5289689783064693,13.55,-0.044303797468354444,14.17,17072752,14.27,2018-12-17
14.22,-0.1318560152061835,14.2,-0.01863354037267073,14.35,11166186,14.46,2018-12-14
14.49,-0.08926793408754352,14.44,-0.010245901639344246,14.65,12862136,14.93,2018-12-13
14.64,-0.13587804979677354,14.63,-0.006784260515603768,14.96,14122854,14.99,2018-12-12
14.74,0.16344160147236297,14.38,0.011667810569663706,14.58,16343589,14.83,2018-12-11
14.57,-0.23943345584226394,14.19,-0.009517335146159156,14.62,14047623,14.845,2018-12-10
14.71,-0.36609334956532646,14.66,-0.08177278401997501,15.97,18469946,15.97,2018-12-07
16.02,0.5878706175811155,14.56,0.06445182724252474,14.81,29136697,16.26,2018-12-06
15.05,0.2360669373597475,14.98,-0.029032258064516037,15.42,18349541,15.54,2018-12-04
15.5,-0.2918479311107578,15.22,0.03333333333333344,15.26,14845103,15.53,2018-12-03
15.0,0.9193500865408633,14.77,-0.007936507936507908,15.09,20963157,15.14,2018-11-30
15.12,-0.18730349028414672,15.1,-0.02199223803363526,15.4,10922008,15.42,2018-11-29
15.46,0.7292021791269081,14.9,0.026560424966799445,15.18,13439221,15.46,2018-11-28
15.06,-0.21920541377917713,14.76,0.010060362173038184,14.79,7771920,15.06,2018-11-27
14.91,2.42128056820041,14.69,0.025447042640990514,14.72,9953860,14.985,2018-11-26
14.54,-0.6637437505186472,14.49,-0.010884353741496655,14.56,2909396,14.715,2018-11-23
14.7,-0.2343554353899202,14.63,0.011699931176875511,14.64,8652318,14.93,2018-11-21
14.53,-0.11072063928469211,14.405,-0.020229265003371633,14.6,11300698,14.8,2018-11-20
14.83,0.1396391972942892,14.7,-0.02434210526315783,15.1,12707703,15.215,2018-11-19
15.2,-0.2702456965280339,15.1,-0.007832898172323799,15.28,11150637,15.35,2018-11-16
15.32,-0.05884670319223062,14.89,0.011221122112211157,15.07,15279988,15.48,2018-11-15
15.15,0.7059350202931554,15.11,-0.012385919165580184,15.48,16235387,15.675,2018-11-14
15.34,-0.005669884978691475,15.2446,0.003926701570680757,15.31,9517002,15.61,2018-11-13
15.28,-0.10728173043112477,15.19,-0.027989821882951738,15.58,9571270,15.605,2018-11-12
15.72,0.4900322772297867,15.565,-0.0326153846153846,16.13,10721490,16.195,2018-11-09
16.25,-0.6102160636393081,16.15,0.0006157635467980427,16.19,7195475,16.5187,2018-11-08
16.24,0.4148677528043987,15.84,0.022670025188916698,16.03,18460163,16.25,2018-11-07
15.88,1.0815202902932208,15.83,-0.003138731952291196,15.93,13047271,16.07,2018-11-06
15.93,-0.5860059100450224,15.68,0.0025173064820640523,15.89,6268145,16.01,2018-11-05
15.89,1.4956473135549584,15.7346,0.0056962025316456,15.83,15140663,16.095,2018-11-02
15.8,-0.36455805052990786,15.24,0.0360655737704918,15.24,6066828,15.8,2018-11-01
15.25,0.1506985606949931,15.14,0.021433355659745468,15.14,9547415,15.52,2018-10-31
14.93,0.03397306605005079,14.51,0.024708304735758357,14.57,8297060,14.94,2018-10-30
14.57,-0.2335477892365665,14.36,-0.004101161995898828,14.8,8024445,15.05,2018-10-29
14.63,0.28056719940888586,14.475999999999999,-0.03432343234323432,14.97,10469596,14.98,2018-10-26
15.15,0.006924294974325562,15.08,0.003976143141153132,15.2,8175749,15.345,2018-10-25
15.09,-0.10591169945254819,15.06,-0.03578274760383393,15.63,8119527,15.795,2018-10-24
15.65,0.15221976826818784,15.31,-0.011994949494949503,15.53,9081348,15.75,2018-10-23
15.84,0.029917967075234975,15.52,0.02590673575129543,15.54,7881611,15.89,2018-10-22
15.44,-0.07522491718284019,15.34,0.0071754729288975305,15.35,7652659,15.63,2018-10-19
15.33,0.3279147416279975,15.1,-0.01224226804123707,15.4,8275157,15.53,2018-10-18
15.52,0.020036053307038948,15.31,0.0006447453255964408,15.59,6231693,15.65,2018-10-17
15.51,-0.3462330226810849,15.27,0.011082138200782188,15.45,6109287,15.54,2018-10-16
15.34,-0.4370255516591086,15.24,-0.005188067444876765,15.42,9344747,15.51,2018-10-15
15.42,0.8288909960502111,14.89,0.05399863294600138,14.92,16598883,15.46,2018-10-12
14.63,-0.16434921199052377,14.55,-0.03176704169424216,15.06,9075928,15.16,2018-10-11
15.11,-0.10047446410452576,15.09,-0.03696622052262588,15.65,10860910,15.77,2018-10-10
15.69,0.3427836092013157,15.59,-0.012586532410321039,15.87,12074043,15.92,2018-10-09
15.89,-0.2972246088439269,15.86,-0.015489467162329573,16.07,8991801,16.15,2018-10-08
16.14,0.24671102248867838,16.04,-0.04213649851632051,16.81,12794701,17.02,2018-10-05
16.85,-0.0299928422165745,16.78,0.005970149253731405,16.79,10262764,17.0,2018-10-04
16.75,0.09791706791835053,16.46,0.01330913490623109,16.54,10580091,16.91,2018-10-03
16.53,-0.017549511660576278,16.14,0.02163164400494444,16.14,9636512,16.63,2018-10-02
16.18,-0.21455537270477043,16.13,-0.00797057020232983,16.37,9808649,16.52,2018-10-01
16.31,-0.0020901892237747965,16.17,0.001842751842751733,16.25,12488021,16.43,2018-09-28
16.28,0.4064153159303996,16.25,-0.013930950938825015,16.63,12514178,16.63,2018-09-27
16.51,-0.501382389471044,16.495,-0.0024169184290029344,16.59,8897925,16.72,2018-09-26
16.55,1.4474661620280962,16.53,-0.021867612293144267,16.87,17845188,16.965,2018-09-25
16.92,-0.7270161835764799,16.86,-0.005875440658049236,17.0,7291291,17.025,2018-09-24
17.02,2.060831916727651,16.92,0.00889152341434496,16.95,26709609,17.27,2018-09-21
16.87,0.2699148515687191,16.68,0.013822115384615419,16.7,8726258,16.98,2018-09-20
16.64,0.028649057281647794,16.55,0.005438066465256686,16.57,6871530,16.7,2018-09-19
16.55,-0.2309808745323968,16.265,0.016584766584766486,16.31,6680150,16.68,2018-09-18
16.28,0.08037586986414502,16.23,-0.018094089264173552,16.58,8686585,16.68,2018-09-17
16.58,-0.27926692677111187,16.475,0.002418379685610539,16.55,8040336,16.66,2018-09-14
16.54,0.9869571691309398,16.435,0.008536585365853666,16.5,11155775,16.73,2018-09-13
16.4,-0.2941021307936693,16.25,-0.003039513677811634,16.39,5614502,16.47,2018-09-12
16.45,-0.3645326128224434,16.16,0.0024375380865324647,16.28,7953703,16.48,2018-09-11
16.41,0.22359239213052517,16.26,-0.007259528130671544,16.54,12516304,16.55,2018-09-10
16.53,0.2118771757560709,16.39,0.000605326876513379,16.49,10229145,16.8,2018-09-07
16.52,-0.37817018689053705,16.42,-0.0042194092827004814,16.56,8440744,16.62,2018-09-06
16.59,0.35517777842782094,16.24,-0.0047990401919617565,16.69,13574042,16.7,2018-09-05
16.67,-0.061756291518269224,16.17,0.008469449485783542,16.42,10016429,16.715,2018-09-04
16.53,-0.34052099333368957,16.4,-0.01548540798094089,16.77,10675722,16.77,2018-08-31
16.79,-0.36103948994988333,16.72,0.004787552363853864,16.74,16188115,17.08,2018-08-30
16.71,1.3136656989513424,16.65,-0.0017921146953403522,17.03,25335079,17.59,2018-08-29
16.74,-0.2032712894950487,16.51,0.017629179331307032,16.53,10950190,16.8,2018-08-28
16.45,0.43750320966085177,16.26,0.015432098765432167,16.37,13743938,16.64,2018-08-27
16.2,-0.3840522326915463,15.98,0.006211180124223503,16.16,9560979,16.31,2018-08-24
16.1,0.8632055581249383,15.795,0.017699115044247815,15.81,15522386,16.46,2018-08-23
15.82,-0.49915777939922223,15.72,0.0025348542458809575,15.76,8331011,15.92,2018-08-22
15.78,0.7691150055363272,15.74,-0.05622009569377984,16.47,16634003,16.47,2018-08-21
16.72,-0.24174244247913212,16.59,0.0029994001199757925,16.74,9402443,16.96,2018-08-20
16.67,0.16270924085517557,16.2075,0.02458512599877083,16.25,12400065,16.795,2018-08-17
16.27,0.037843297461796155,16.025,0.014971927635683002,16.12,10664803,16.39,2018-08-16
16.03,0.9827035112003466,15.79,0.00250156347717323,15.86,10275928,16.09,2018-08-15
15.99,0.02841952200626885,15.7,0.021072796934865856,15.7,5182786,16.02,2018-08-14
15.66,0.0004800337333878968,15.66,-0.011987381703470024,15.85,5039564,15.97,2018-08-13
15.85,0.4375794113315761,15.78,-0.01613904407200495,15.98,5037146,16.085,2018-08-10
16.11,-0.2487289270328109,16.06,-0.0030940594059406523,16.14,3503908,16.225,2018-08-09
16.16,0.06083167956511115,16.07,0.0018598884066955979,16.14,4663973,16.29,2018-08-08
16.13,-0.158416457540136,16.02,0.0074953154278574186,16.05,4396525,16.23,2018-08-07
16.01,-0.2937717768268472,15.85,0.001877346683354153,15.93,5224110,16.045,2018-08-06
15.98,-0.04590103122994338,15.59,0.027652733118971096,15.61,7397198,15.9999,2018-08-03
15.55,0.3746198909002001,15.32,0.006472491909385258,15.35,7753072,15.57,2018-08-02
15.45,-0.1511823970965226,15.37,0.0006476683937823857,15.42,5640157,15.61,2018-08-01
15.44,0.3450753506502078,15.37,-0.0006472491909385036,15.45,6644722,15.55,2018-07-31
15.45,-0.14137606490731192,15.32,-0.008980115458627314,15.58,4940037,15.64,2018-07-30
15.59,0.15750051100799745,15.53,-0.006373486297004405,15.76,5753435,15.89,2018-07-27
15.69,-0.17558757551758308,15.48,0.013565891472868241,15.49,4970568,15.77,2018-07-26
15.48,-0.19417321702274626,15.23,0.0117647058823529,15.24,6029225,15.49,2018-07-25
15.3,-0.43083187606100426,15.25,-0.01098901098901095,15.61,7482036,15.665,2018-07-24
15.47,0.9450664016735286,15.27,0.0,15.41,13145564,15.55,2018-07-23
15.47,-0.4138465287842007,15.405,-0.010869565217391353,15.59,6758414,15.615,2018-07-20
15.64,0.6489528677133389,15.61,-0.01820464532328936,15.93,11530110,16.155,2018-07-19
15.93,-0.21283896053603268,15.65,0.01724137931034475,15.69,6992383,15.95,2018-07-18
15.66,-0.17274494154854225,15.56,0.0012787723785165905,15.59,8883040,15.8,2018-07-17
15.64,0.21909246271102711,15.335,0.009683666881859176,15.45,10737970,15.65,2018-07-16
15.49,0.8505182319230191,15.3,0.006497725795971299,15.34,8808167,15.53,2018-07-13
15.39,-0.4545018423795898,15.12,0.01920529801324511,15.15,4759838,15.47,2018-07-12
15.1,-0.2819180733679193,15.08,-0.02580645161290329,15.31,8725672,15.35,2018-07-11
15.5,0.90999717383493,15.2,0.017728168089297336,15.24,12151360,15.535,2018-07-10
15.23,0.15089888733995993,14.99,0.016688918558077415,15.04,6361978,15.315,2018-07-09
14.98,-0.41651175651174177,14.73,0.010796221322537214,14.88,5527834,15.05,2018-07-06
14.82,0.9952346142189912,14.57,0.003385240352065111,14.8,9473771,14.84,2018-07-05
14.77,-0.3301738935636189,14.75,-0.002027027027027062,14.79,4748199,14.92,2018-07-03
14.8,-0.39384431708952405,14.46,0.013004791238877544,14.5,7088704,14.84,2018-07-02
14.61,-0.20656367656965458,14.61,-0.00679809653297081,14.77,11694527,14.85,2018-06-29
14.71,0.02900838428485386,14.475,-0.0006793478260869179,14.71,14739087,14.77,2018-06-28
14.72,0.7952605196380196,14.72,-0.02966381015161501,15.22,14323583,15.25,2018-06-27
15.17,-0.500491428964239,15.06,0.006635700066357053,15.11,7978554,15.55,2018-06-26
15.07,0.7206195253088061,14.94,-0.011154855643044637,15.17,15972807,15.23,2018-06-25
15.24,-0.36007891501504985,15.225,-0.011673151750972721,15.49,9283172,15.52,2018-06-22
15.42,-0.006648117655138841,15.14,0.017821782178217838,15.2,14506745,15.49,2018-06-21
15.15,0.731816636421194,15.13,-0.047169811320754707,15.95,14603833,15.99,2018-06-20
15.9,-0.3022021097117641,15.67,-0.0006285355122563896,15.7,8432667,15.93,2018-06-19
15.91,-0.5171990886110459,15.685,-0.0025078369905955356,15.8,12084684,16.06,2018-06-18
15.95,1.098696395778655,15.62,0.00821744627054355,15.8,25030367,15.95,2018-06-15
15.82,0.4134709295483472,15.75,0.0018999366687777464,15.87,11926626,16.12,2018-06-14
15.79,-0.06357040826960214,15.7,0.0,15.76,8437829,15.89,2018-06-13
15.79,-0.22583531686435532,15.78,-0.014357053682896415,15.92,9010639,16.0,2018-06-12
16.02,0.46933765042841036,15.96,0.0006246096189879147,15.96,11639176,16.18,2018-06-11
16.01,0.01633917661060491,15.7868,0.005653266331658413,15.82,7921376,16.02,2018-06-08
15.92,-0.3711971237494782,15.82,-0.006242197253433224,15.98,7794028,16.06,2018-06-07
16.02,-0.4466019556184182,15.725,-0.002490660024906499,16.11,12395026,16.11,2018-06-06
16.06,0.8303814474523998,15.45,0.03346203346203347,15.5,22398030,16.13,2018-06-05
15.54,0.12298186829201319,15.37,0.0006439150032195862,15.5,12236810,15.74,2018-06-04
15.53,-0.24580076695444475,15.32,0.019028871391076008,15.33,10896712,15.53,2018-06-01
15.24,0.20151244626769982,15.12,-0.021194605009633882,15.53,14448055,15.59,2018-05-31
15.57,0.23624084762176945,15.32,0.012353706111833507,15.47,12024890,15.665,2018-05-30
15.38,-0.32505499942233695,15.26,-0.009020618556700999,15.43,9726980,15.4861,2018-05-29
15.52,-0.5117389204676162,15.44,-0.015228426395939132,15.75,14411515,15.82,2018-05-25
15.76,-0.47344750960990345,15.16,0.011553273427471034,15.55,29516002,15.81,2018-05-24
15.58,2.886987419393223,15.45,-0.10511200459506032,16.85,56055194,16.95,2018-05-23
17.41,1.3272172497440606,17.41,-0.005711022272986921,17.55,14421244,17.68,2018-05-22
17.51,-0.08667821096830497,17.48,-0.0028473804100226374,17.66,6196776,17.74,2018-05-21
17.56,-0.36005358481183913,17.48,-0.00622524052065665,17.66,6784877,17.67,2018-05-18
17.67,-0.30522282525357247,17.435,0.0022688598979014873,17.68,10602258,17.76,2018-05-17
17.63,0.8240972804706428,17.37,0.013218390804597746,17.41,15259940,17.68,2018-05-16
17.4,-0.010677927096388595,17.285,-0.010801591813530464,17.48,8365749,17.53,2018-05-15
17.59,-0.2645830303898943,17.59,-0.004527447651386685,17.75,8456042,17.82,2018-05-14
17.67,-0.06504494873003719,17.61,0.0011331444759208331,17.66,11498296,17.78,2018-05-11
17.65,-0.05499264901544143,17.5,0.0028409090909089496,17.67,12298234,17.7,2018-05-10
17.6,0.048821920170791344,17.34,0.012075905692926936,17.4,13013903,17.67,2018-05-09
17.39,0.1832192496010676,17.205,0.005202312138728349,17.25,12408115,17.43,2018-05-08
17.3,0.7004804174006218,17.19,0.005229517722254551,17.24,10486742,17.45,2018-05-07
17.21,-0.2321960690277003,16.78,0.01834319526627226,16.85,6166929,17.255,2018-05-04
16.9,0.26130286321613383,16.75,-0.012850467289719725,16.99,8031906,17.08,2018-05-03
17.12,-0.34023017134895317,17.07,-0.0034924330616995514,17.14,6367944,17.26,2018-05-02
17.18,-0.22621290580212494,16.95,0.007624633431084993,16.99,9651766,17.2,2018-05-01
17.05,0.4115485814989259,17.05,-0.01729106628242083,17.34,12473413,17.46,2018-04-30
17.35,-0.17316117284837207,17.24,-0.0023001725129384587,17.64,8836687,17.64,2018-04-27
17.39,0.22785514149042307,17.245,0.0046216060080879195,17.39,10687315,17.515,2018-04-26
17.31,-0.13846072833683132,17.02,-0.002880184331797264,17.3,8704052,17.415,2018-04-25
17.36,0.24989706781845133,17.25,-0.003444316877152853,17.5,10102908,17.68,2018-04-24
17.42,0.049521683557538054,17.305,0.007518796992481258,17.38,8082992,17.54,2018-04-23
17.29,-0.01125827899590337,17.16,-0.006892590465249926,17.44,7701596,17.45,2018-04-20
17.41,-0.18947461305071067,17.38,-0.015271493212669629,17.65,7789290,17.65,2018-04-19
17.68,-0.4394596465498345,17.615,-0.003943661971831047,17.77,9610174,17.78,2018-04-18
17.75,0.010903106623575853,17.62,0.010820045558086688,17.68,17144482,17.88,2018-04-17
17.56,0.6854117159754847,17.36,0.009195402298850519,17.45,16959570,17.67,2018-04-16
17.4,-0.2771497833223976,17.18,-0.0005743825387709567,17.51,10062568,17.51,2018-04-13
17.41,0.41635255601974785,17.33,0.009860788863109038,17.35,13920682,17.6,2018-04-12
17.24,-0.36163987137637144,17.0908,-0.0005797101449276365,17.2,9828543,17.3,2018-04-11
17.25,0.8231290414597869,17.07,0.02617489589530053,17.07,15396549,17.4,2018-04-10
16.81,-0.40313418895810793,16.73,0.006586826347305452,16.73,8445123,17.21,2018-04-09
16.7,-0.06326997486559727,16.61,-0.029069767441860517,17.04,14149115,17.22,2018-04-06
17.2,0.14395573827118935,17.12,-0.0028985507246377384,17.42,15104795,17.42,2018-04-05
17.25,-0.011905103998385957,16.76,0.0064177362893815815,16.83,13204003,17.31,2018-04-04
17.14,0.3005913206784714,16.96,0.001168224299065379,17.25,13363092,17.35,2018-04-03
17.12,-0.35822226064352747,16.94,-0.02394526795895091,17.48,10274628,17.52,2018-04-02
17.54,0.14312271812059207,17.455,-0.006795016987542479,17.7,16009636,17.755,2018-03-29
17.66,0.1597102458546369,17.405,0.005694760820045719,17.61,14005177,17.8,2018-03-28
17.56,0.10682959081808896,17.455,-0.023902167871039492,18.09,12076445,18.155,2018-03-27
17.99,0.07223472792993735,17.575,0.02041973908111161,17.92,10910844,18.03,2018-03-26
17.63,-0.056100784019587735,17.63,-0.0376637554585153,18.37,10175798,18.46,2018-03-23
18.32,-0.005550895166710368,18.3,-0.02084446819882424,18.55,10780598,18.645,2018-03-22
18.71,-0.0017954428954042312,18.57,-0.0037273695420660946,18.78,10840774,18.89,2018-03-21
18.78,0.3777241558575337,18.615,0.004278074866310266,18.79,10860273,18.93,2018-03-20
18.7,-0.5855455628881618,18.5,-0.0047897817988291624,18.7,7882763,18.83,2018-03-19
18.79,0.24379320176671926,18.68,-0.0021242697822623224,18.82,19019613,19.01,2018-03-16
18.83,0.3263206247288444,18.78,-0.001061007957559812,18.9,15291620,18.98,2018-03-15
18.85,0.28398222058290945,18.735,-0.0015889830508473146,18.98,11529354,18.99,2018-03-14
18.88,-0.11091884844254862,18.86,-0.009963293130571649,19.09,8979372,19.23,2018-03-13
19.07,-0.3065322385731314,19.0,-0.0046972860125260585,19.16,10099609,19.175,2018-03-12
19.16,0.40111250714317315,18.98,0.011081794195250794,19.07,14563920,19.21,2018-03-09
18.95,-0.05985136220858511,18.845,-0.010443864229764954,19.2,10394540,19.23,2018-03-08
19.15,-0.042864351620238494,18.9801,-0.013395157135497215,19.24,11056273,19.38,2018-03-07
19.41,-0.014433241076830416,19.0,0.022655426765015863,19.01,11551417,19.475,2018-03-06
18.98,-0.21430079735117236,18.74,0.010649627263045858,18.77,11720583,19.1,2018-03-05
18.78,0.06007376901928585,18.15,0.020652173913043637,18.2,14917392,18.8,2018-03-02
18.4,-0.19602547711311646,18.14,-0.010220548682087216,18.7,14072032,18.835,2018-03-01
18.59,-0.15877506727292767,18.59,-0.01222104144527103,18.95,17503082,19.07,2018-02-28
18.82,-0.17784160285684447,18.5,0.014555256064689992,18.5,20806661,19.13,2018-02-27
18.55,-0.43383103972607007,18.04,0.022601984564498245,18.04,25307363,18.8,2018-02-26
18.14,2.0528350756616183,17.56,0.10542352224253504,18.01,44699312,18.19,2018-02-23
16.41,0.3434433890159876,16.23,0.009846153846153838,16.43,14641902,16.67,2018-02-22
16.25,0.21119719842220097,16.22,-0.016343825665859568,16.6,10898786,16.685,2018-02-21
16.52,0.05778885079892904,16.41,0.007931665649786312,16.47,8998358,16.685,2018-02-20
16.39,0.04213481046936818,16.21,0.0024464831804280607,16.3,8506762,16.56,2018-02-16
16.35,-0.41648569801382807,16.04,0.012383900928792713,16.28,8162823,16.48,2018-02-15
16.15,0.020378583406025275,15.35,0.0439560439560438,15.41,13989071,16.22,2018-02-14
15.47,0.7870463425195608,15.31,-0.01777777777777778,15.63,13709687,15.63,2018-02-13
15.75,-0.5403439357913665,15.36,0.02941176470588225,15.42,7671702,15.85,2018-02-12
15.3,0.40497587689078274,14.655,0.01728723404255339,15.2,16690092,15.415,2018-02-09
15.04,-0.09312240878986111,15.04,-0.033419023136246895,15.53,11879273,15.68,2018-02-08
15.56,-0.19085091630131468,15.33,-0.010807374443738027,15.67,13099092,15.785,2018-02-07
15.73,0.032133305765106535,14.96,0.00446998722860803,15.27,16188725,15.815,2018-02-06
15.66,0.18234911929830622,15.65,-0.05945945945945941,16.53,15684723,16.65,2018-02-05
16.65,-0.015529657867675017,16.52,-0.008338296605122086,16.66,13265729,16.93,2018-02-02
16.79,0.09080136109434767,16.32,0.02378048780487818,16.4,13474991,16.88,2018-02-01
16.4,0.10853235454348775,16.31,-0.00846432889963733,16.59,12353295,16.69,2018-01-31
16.54,0.0723035635588245,16.395,-0.02533883323512076,16.85,11143829,16.9058,2018-01-30
16.97,0.08141074694866557,16.62,0.015559545182525225,16.66,10392420,17.065,2018-01-29
16.71,0.2375330564847371,16.55,0.013956310679611672,16.55,9610058,16.84,2018-01-26
16.48,-0.33762537187422215,16.45,-0.011990407673860837,16.71,7765496,16.84,2018-01-25
16.68,-0.175773609366201,16.6,0.0005998800239950253,16.71,11723722,16.89,2018-01-24
16.67,0.5116787594293206,16.2,0.038629283489096666,16.28,14223910,16.72,2018-01-23
16.05,0.032128178813424446,15.9,-0.0018656716417908559,16.05,9409347,16.08,2018-01-22
16.08,-0.04766962752628989,15.91,0.00688791484032536,15.97,9116452,16.09,2018-01-19
15.97,0.013709801333578131,15.94,-0.0062227753578095735,16.03,9572783,16.1,2018-01-18
16.07,-0.021049578343934394,15.82,0.01644528779253629,15.86,9443317,16.1,2018-01-17
15.81,-0.3784115497876782,15.715,0.0,15.82,9646369,15.915,2018-01-16
15.81,0.8836855803965318,15.42,0.023300970873786575,15.45,15518900,15.87,2018-01-12
15.45,-0.18665612165294376,15.17,0.01711652402896635,15.2,8238583,15.49,2018-01-11
15.19,-0.29877395718725486,14.76,0.02289562289562297,14.76,10129274,15.31,2018-01-10
14.85,0.10986085759395525,14.81,0.002024291497975561,14.85,14445091,14.98,2018-01-09
14.82,0.040948762460275345,14.645,-0.015282392026578107,14.95,13015227,14.97,2018-01-08
15.05,0.10384181466311926,14.96,-0.0006640106241699861,15.06,12503235,15.19,2018-01-05
15.06,0.4325013026168687,14.655,0.02448979591836742,14.7,11327017,15.07,2018-01-04
14.7,0.11916764033366278,14.54,0.006160164271047153,14.6,7907160,14.75,2018-01-03
14.61,-0.001628997972654922,14.38,0.017409470752089096,14.43,7065215,14.63,2018-01-02
14.36,0.9197013761750359,14.36,-0.017111567419575646,14.67,7076743,14.67,2017-12-29
14.61,0.15211054379619426,14.555,-0.004089979550102263,14.69,3686377,14.7,2017-12-28
14.67,0.11099101151139035,14.61,-0.004748982360922693,14.72,3199673,14.75,2017-12-27
14.74,-0.30880908027511156,14.67,0.0020394289598912874,14.69,2880017,14.785,2017-12-26
14.71,-0.4669018906625507,14.68,-0.0006793478260869179,14.725,4166746,14.82,2017-12-22
14.72,-0.09141110399169727,14.665,0.0006798096532971698,14.68,7816096,14.85,2017-12-21
14.71,-0.12089666648238018,14.635,-0.0060810810810810745,14.72,8602456,14.79,2017-12-20
14.8,-0.20800580728947893,14.74,-0.006711409395973145,14.86,9785489,14.9,2017-12-19
14.9,-0.37971275375323676,14.43,0.03400416377515625,14.45,12355506,14.93,2017-12-18
14.41,1.6228366444346478,14.255,0.011938202247190999,14.3,19919007,14.48,2017-12-15
14.24,-0.11813807923465347,14.22,-0.005586592178770999,14.28,7594452,14.38,2017-12-14
14.32,-0.2828358197768821,14.32,-0.012413793103448256,14.46,8611838,14.55,2017-12-13
14.5,0.08407062349456362,14.35,-0.005486968449931462,14.45,12008182,14.57,2017-12-12
14.58,0.37059847249847655,14.23,0.01673640167364021,14.25,11076937,14.59,2017-12-11
14.34,0.1865632964916195,14.23,0.00843881856540074,14.23,8081825,14.39,2017-12-08
14.22,-0.03947096950518603,14.125,0.004237288135593209,14.2,6811120,14.27,2017-12-07
14.16,-0.349002394026657,13.99,0.005681818181818121,14.02,7091009,14.23,2017-12-06
14.08,-0.017820218218751793,14.0,-0.01054111033028815,14.11,10892527,14.17,2017-12-05
14.23,-0.4019594530977255,14.19,-0.01454293628808856,14.44,11090156,14.52,2017-12-04
14.44,0.22795841557067997,13.75,0.03512544802867379,13.9,18544154,14.465,2017-12-01
13.95,0.248689140558761,13.92,-0.0014316392269149159,13.99,15101614,14.17,2017-11-30
13.97,-0.24641296097720522,13.79,0.006484149855907839,13.95,12093974,14.3001,2017-11-29
13.88,0.15780805378026908,13.405,0.03043801039346694,13.47,16048543,13.95,2017-11-28
13.47,0.6201350281711937,13.1503,0.011261261261261257,13.21,13861143,13.54,2017-11-27
13.32,-0.7958549395883859,13.15,0.016793893129771087,13.21,8555548,13.39,2017-11-24
13.1,2.2363250364064906,12.815,-0.07223796033994334,13.2,41909160,13.4,2017-11-22
14.12,0.04558389123019646,14.08,0.002129169623846572,14.1,12949614,14.31,2017-11-21
14.09,-0.03908095115433918,13.66,0.029970760233918092,13.68,12385055,14.11,2017-11-20
13.68,-0.13020445401109138,13.25,0.030896759608138646,13.3,12888760,13.69,2017-11-17
13.27,0.23499137606642773,13.21,0.008358662613981771,13.21,14818149,13.42,2017-11-16
13.16,0.05750658661925434,13.1,-0.008289374529012794,13.2,11998585,13.32,2017-11-15
13.27,-0.22140848089785992,13.23,-0.015578635014836806,13.38,11346109,13.48,2017-11-14
13.48,2.225546180691666,13.47,-0.016058394160583855,13.67,14572608,13.695,2017-11-13
13.7,-0.27492635111755637,13.6,-0.001457725947521915,13.72,4517873,13.75,2017-11-10
13.72,-0.1962042682631857,13.47,0.013293943870014813,13.48,6230916,13.75,2017-11-09
13.54,0.053250970354246085,13.46,-0.002210759027266085,13.56,7751865,13.59,2017-11-08
13.57,-0.23194321593797396,13.52,-0.0044020542920030215,13.6,7359941,13.74,2017-11-07
13.63,0.004152923052773039,13.24,0.009629629629629655,13.46,9582548,13.63,2017-11-06
13.5,-0.45504013453310443,13.4,-0.009537784299339713,13.62,9542917,13.63,2017-11-03
13.63,0.13097005813527307,13.485,0.0022058823529411686,13.57,17511229,13.66,2017-11-02
13.6,0.514303581301327,13.47,-0.02298850574712641,13.94,15483371,13.94,2017-11-01
13.92,-0.1435865272483169,13.875,-0.0042918454935623185,14.02,10224747,14.055,2017-10-31
13.98,0.6976562905474533,13.91,-0.021008403361344463,14.23,11939031,14.28,2017-10-30
14.28,0.009332876171471272,14.18,0.00210526315789461,14.27,7032655,14.34,2017-10-27
14.25,-0.5295078772484623,14.08,0.012073863636363535,14.21,6967627,14.31,2017-10-26
14.08,0.8063916157614317,13.88,-0.01607267645003496,14.28,14809232,14.29,2017-10-25
14.31,-0.023604777074463512,14.23,0.004210526315789442,14.25,8198240,14.475,2017-10-24
14.25,-0.325935547017528,14.06,0.014957264957265126,14.09,8396436,14.325,2017-10-23
14.04,-0.4549343219791083,13.8,0.01298701298701288,13.88,12456429,14.185,2017-10-20
13.86,2.3474035704147553,13.8,-0.05714285714285716,14.5,22853079,14.53,2017-10-19
14.7,-0.4388468914186827,14.665,0.006160164271047153,14.67,6827106,14.8,2017-10-18
14.61,0.9274591673538448,14.545,-0.01682368775235532,14.84,12166209,14.89,2017-10-17
14.86,-0.36390501089526606,14.81,-0.002014775016789816,14.88,6312045,14.96,2017-10-16
14.89,0.20449419244732914,14.64,0.0060810810810809635,14.65,9923117,15.06,2017-10-13
14.8,-0.13893219736849116,14.73,-0.009370816599732157,14.93,8238410,14.94,2017-10-12
14.94,0.02765329972721342,14.85,-0.0013368983957220415,14.94,9567667,15.04,2017-10-11
14.96,0.4885393040699364,14.81,0.010810810810810922,14.82,9310209,15.03,2017-10-10
14.8,-0.471061597120494,14.77,0.0,14.84,6254594,14.97,2017-10-09
14.8,0.6714846264004479,14.58,-0.0020229265003370855,14.79,11824806,14.85,2017-10-06
14.83,-0.07358171015987136,14.76,0.002027027027027062,14.84,7074433,14.96,2017-10-05
14.8,-0.25112522540793103,14.55,0.0074880871341049815,14.7,7636327,14.89,2017-10-04
14.69,-0.2561570339268038,14.62,-0.01870407481629932,14.97,10197068,14.9872,2017-10-03
14.97,1.040430459243947,14.65,0.017675050985723972,14.68,13708630,15.0,2017-10-02
14.71,-0.41441369671619255,14.54,0.009608785175017287,14.6,6718499,14.75,2017-09-29
14.57,-0.47562664113550535,14.565,-0.01885521885521879,14.84,11473115,14.94,2017-09-28
14.85,-0.1468317107032444,14.82,-0.002686366689053088,14.89,21879668,15.12,2017-09-27
14.89,-0.1298069991485441,14.69,0.012925170068027292,14.74,25645196,15.08,2017-09-26
14.7,0.3003111407063006,14.17,0.030855539971949453,14.19,29470699,14.72,2017-09-25
14.26,0.003053060586468259,13.82,0.034082668600435184,13.86,22664344,14.29,2017-09-22
13.79,0.30704667733998847,13.51,0.011738811445340946,13.6,22595359,13.9,2017-09-21
13.63,0.7156443911179655,13.5,0.010378057820607856,13.58,17287339,13.68,2017-09-20
13.49,-0.19477589797319772,13.47,-0.0036927621861151394,13.56,10076295,13.64,2017-09-19
13.54,-0.19217680882786603,13.51,0.0014792899408284654,13.57,12513653,13.72,2017-09-18
13.52,-0.03517101929934008,13.32,0.0037119524870081744,13.37,15490584,13.56,2017-09-15
13.47,-0.35714779635850136,13.13,0.018140589569161092,13.18,16055264,13.53,2017-09-14
13.23,0.29103730762546465,12.97,0.00838414634146356,13.08,24975047,13.25,2017-09-13
13.12,0.17888698619701993,12.99,-0.017228464419475675,13.36,19344946,13.41,2017-09-12
13.35,-0.31766853248358506,13.24,0.017530487804878092,13.3,16409500,13.47,2017-09-11
13.12,-0.10775686080043412,13.06,-0.009811320754717023,13.289000000000001,24049162,13.385,2017-09-08
13.25,-0.33522716104038475,13.25,-0.03776325344952791,13.73,26953597,13.77,2017-09-07
13.77,0.5153864389917884,13.6,-0.019230769230769162,14.29,40545575,14.32,2017-09-06
14.04,0.19682279319013407,13.83,-0.018867924528301994,14.2,26755931,14.4,2017-09-05
14.31,0.9772890978895992,13.82,-0.2076411960132889,14.13,22355800,14.39,2017-09-01
18.06,0.802200394605842,17.95,0.004449388209121219,17.98,11306288,18.135,2017-08-31
17.98,0.06384491908059253,17.775,0.0033482142857141906,17.88,6273602,17.99,2017-08-30
17.92,-0.21025633883207007,17.58,0.007307476110174349,17.65,5897102,17.945,2017-08-29
17.79,-0.17263774460817982,17.675,-0.008913649025069637,17.98,7467109,17.98,2017-08-28
17.95,0.3670362051366407,17.805,0.0,17.99,9025199,18.14,2017-08-25
17.95,-0.060963250940989755,17.66,0.013551665725578754,17.72,6602019,18.06,2017-08-24
17.71,0.2939668258796715,17.53,0.002263723825693287,17.55,7030629,17.75,2017-08-23
17.67,-0.10713448808629,17.35,0.020797227036395416,17.36,5433392,17.7,2017-08-22
17.31,-0.3619342675097259,17.08,0.0075669383003491575,17.2,6085342,17.35,2017-08-21
17.18,0.05405770124714104,17.09,-0.006936416184971206,17.26,9537171,17.4,2017-08-18
17.3,0.8578636051250284,17.3,-0.017045454545454586,17.52,9048054,17.68,2017-08-17
17.6,-0.41211368551828664,17.525,-0.00845070422535199,17.74,4870139,17.87,2017-08-16
17.75,0.0426250161255306,17.53,0.009670079635950124,17.56,8284151,17.84,2017-08-15
17.58,0.5054092971703028,17.46,0.016184971098265777,17.49,7945475,17.85,2017-08-14
17.3,-0.40190849430566844,17.155,0.010514018691588856,17.2,5277950,17.37,2017-08-11
17.12,0.2671738241708157,17.07,-0.02947845804988658,17.6,8824653,17.6,2017-08-10
17.64,-0.1176796943673496,17.44,0.0005672149744753163,17.55,6964043,17.7,2017-08-09
17.63,0.7216895556364584,17.52,0.0,17.59,7892874,17.7,2017-08-08
17.63,-0.2726091809672201,17.45,0.006853226727584039,17.49,4584377,17.645,2017-08-07
17.51,-0.05264188737635478,17.29,0.012724117987276129,17.29,6302495,17.57,2017-08-04
17.29,-0.16493296511605282,17.16,-0.0034582132564843215,17.34,6652706,17.36,2017-08-03
17.35,0.0332194933865142,17.27,-0.00913763563677894,17.59,7966673,17.64,2017-08-02
17.51,-0.11594867399174669,17.29,0.0,17.29,7710533,17.57,2017-08-01
17.51,-0.02758399473399198,17.5,0.0,17.6,8721816,17.745,2017-07-31
17.51,-0.12130714974076318,17.29,-0.002279202279202197,17.5,8969223,17.55,2017-07-28
17.55,0.2815599547613572,17.395,-0.0034071550255535543,17.7,10207461,17.7,2017-07-27
17.61,0.05956669743649923,17.55,-0.015100671140939603,17.9,7964872,17.96,2017-07-26
17.88,-0.31158782286335984,17.74,0.0022421524663676085,17.84,7517103,18.01,2017-07-25
17.84,-0.07348921064139835,17.79,-0.00943920044419777,17.98,10919480,18.1,2017-07-24
18.01,-0.15280323173642574,17.77,0.0061452513966482325,17.86,11785594,18.03,2017-07-21
17.9,0.06140772258169758,17.65,0.013016411997736066,17.67,13911283,17.93,2017-07-20
17.67,0.26561661850837104,17.25,0.03032069970845508,17.25,13106446,17.71,2017-07-19
17.15,0.3394937650641292,17.05,-0.004643064422518939,17.2,10355779,17.25,2017-07-18
17.23,0.3536012774193886,17.095,0.0023269342641070168,17.19,7731114,17.32,2017-07-17
17.19,-0.5817210491344471,17.02,0.005851375073142373,17.1,5711515,17.23,2017-07-14
17.09,0.3101282898808251,16.76,0.017867778439547344,16.79,13654799,17.16,2017-07-13
16.79,0.14387898763896123,16.575,0.0005959475566148509,16.75,10422490,16.85,2017-07-12
16.78,-0.08939935247291941,16.57,0.002389486260454099,16.71,9111532,16.85,2017-07-11
16.74,-0.23069031197656198,16.6,0.007826610475617057,16.61,10006068,16.835,2017-07-10
16.61,-0.10467263741839505,16.4,0.007888349514562965,16.52,13006554,16.65,2017-07-07
16.48,0.34532612548938557,16.42,-0.027154663518299982,16.85,14527149,16.92,2017-07-06
16.94,1.3646215845070961,16.71,0.016196760647870345,16.72,10798236,16.99,2017-07-05
16.67,-0.4772370628627738,16.67,0.004822182037371947,16.67,4566581,16.89,2017-07-03
16.59,-0.31223942191237186,16.58,-0.003603603603603567,16.73,8735472,16.8,2017-06-30
16.65,0.25539101987096124,16.37,-0.014792899408283988,16.75,12701327,16.8,2017-06-29
16.9,0.03208899277690613,16.5,0.024242424242424176,16.59,10117427,16.96,2017-06-28
16.5,-0.09131305198776074,16.5,-0.01844140392623428,16.74,9802863,16.79,2017-06-27
16.81,-0.36682274517597435,16.79,-0.002373887240356254,16.87,10787943,16.98,2017-06-26
16.85,1.1456580498857076,16.66,0.010191846522781933,16.75,17037793,17.0,2017-06-23
16.68,-0.15871574485090778,16.5,0.006638503319251532,16.54,7940591,16.75,2017-06-22
16.57,-0.268123675271963,16.54,-0.0042067307692308376,16.7,9438654,16.79,2017-06-21
16.64,0.15867801339937482,16.48,-0.004784688995215225,16.69,12896515,16.74,2017-06-20
16.72,-0.2582570967375193,16.51,0.013947847180109108,16.51,11130370,16.77,2017-06-19
16.49,-0.15771741653272442,16.44,-0.001815980629540026,16.58,15005698,16.61,2017-06-16
16.52,0.5637692640227163,16.47,-0.01314217443249699,16.7,17815515,16.76,2017-06-15
16.74,-0.06317287802768135,16.65,-0.0082938388625593,16.85,11392675,16.95,2017-06-14
16.88,0.05241743558322565,16.8,0.0017804154302669684,16.82,12160915,16.97,2017-06-13
16.85,0.09861620728016418,16.56,-0.008240141259564293,16.89,11555220,16.98,2017-06-12
16.99,-0.013119682065836469,16.805,-0.0035190615835778427,17.04,10517977,17.32,2017-06-09
17.05,-0.2671045324277481,16.98,0.0005868544600939885,17.09,10657804,17.12,2017-06-08
17.04,0.05363376641424322,17.01,0.0005871990604813249,17.03,14542052,17.24,2017-06-07
17.03,-0.11079177543812091,17.03,-0.007575757575757569,17.14,13801809,17.19,2017-06-06
17.16,-0.4811418646429714,17.13,-0.013793103448275779,17.34,15521459,17.35,2017-06-05
17.4,75.94294863551018,16.95,-0.006849315068493178,17.34,29914649,17.58,2017-06-02
17.52,-0.9833450309512802,17.47,-0.06858054226475274,18.35,388790,18.37,2017-06-01
18.81,0.3163096412509907,18.56,-0.002122015915119513,18.8,23343784,18.875,2017-05-31
18.85,0.32036286430328675,18.69,0.0010621348911312722,18.78,17734265,18.93,2017-05-30
18.83,-0.15057918891480604,18.74,-0.0005307855626327518,18.85,13431357,18.89,2017-05-26
18.84,0.34427730637360554,18.81,-0.003701745108408261,18.97,15812371,19.0,2017-05-25
18.91,-0.1537544044378446,18.78,0.002651113467656563,18.84,11762730,18.98,2017-05-24
18.86,0.10265208754548771,18.75,0.0037253858435337683,18.87,13899901,18.9,2017-05-23
18.79,-0.3737415905037146,18.51,0.01403130059363189,18.52,12605881,18.85,2017-05-22
18.53,0.6196110641436234,18.47,-0.013312034078807211,18.84,20128881,19.0,2017-05-19
18.78,-0.026771152495491668,18.52,-0.0010638297872340718,18.65,12428219,18.96,2017-05-18
18.8,0.3597525629613223,18.72,-0.016221873364730466,18.93,12770089,19.025,2017-05-17
19.11,-0.12058577174697271,18.915,0.006319115323854652,19.0,9391480,19.16,2017-05-16
18.99,0.11751466004537758,18.87,0.005826271186440746,18.9,10679245,19.13,2017-05-15
18.88,-0.23032688519150324,18.84,0.0010604453870626251,18.88,9556246,19.02,2017-05-12
18.86,0.0990284081066577,18.805,-0.00736842105263158,18.92,12415980,19.055,2017-05-11
19.0,-0.3046068706157189,18.75,0.011714589989350266,18.79,11297233,19.0,2017-05-10
18.78,0.7955011626235029,18.635,-0.0058231868713605195,18.87,16245822,18.97,2017-05-09
18.89,-0.28500470338042827,18.76,0.0031864046733935947,18.84,9048071,18.95,2017-05-08
18.83,0.9361706327015309,18.67,0.004266666666666641,18.84,12654728,18.85,2017-05-05
18.75,-0.40542540154745066,18.61,0.00428494911622912,18.75,6535957,18.8,2017-05-04
18.67,0.4187018626053347,18.57,-0.0016042780748661833,18.66,10992661,18.77,2017-05-03
18.7,-0.055633382076813565,18.66,-0.0016017084890550537,18.72,7748394,18.84,2017-05-02
18.73,-0.11514211624354342,18.64,0.005367686527106841,18.69,8204858,18.83,2017-05-01
18.63,-0.32828592972647064,18.49,0.0,18.62,9272515,18.7,2017-04-28
18.63,0.26845680753127965,18.43,0.0010746910263299547,18.6,13804259,18.66,2017-04-27
18.61,0.7503717002156536,18.42,0.004859611231101457,18.5,10882719,18.78,2017-04-26
18.52,-0.557370548504114,18.42,0.00433839479392617,18.49,6217376,18.59,2017-04-25
18.44,0.14638460724834879,18.205,0.016538037486218293,18.25,14046458,18.54,2017-04-24
18.14,0.19610925792278278,18.02,-0.010365521003818712,18.3,12252832,18.315,2017-04-21
18.33,0.4027073154233205,18.175,0.009361233480176034,18.23,10243907,18.41,2017-04-20
18.16,-0.08825971241110697,18.09,0.001654715940430318,18.15,7302954,18.29,2017-04-19
18.13,0.008803900955704824,17.9843,0.001104362230811784,18.08,8009906,18.2,2017-04-18
18.11,-0.5123258369735371,17.98,0.006670372429127269,18.02,7940003,18.13,2017-04-17
17.99,0.18643170007196685,17.94,-0.003324099722991858,18.01,16281369,18.16,2017-04-13
18.05,0.2098302989802423,17.94,-0.007150715071507108,18.33,13722972,18.34,2017-04-12
18.18,-0.48537767442987323,18.09,-0.006557377049180357,18.26,11342890,18.35,2017-04-11
18.3,-0.21691557680585427,18.24,0.001094091903719896,18.34,22041193,18.51,2017-04-10
18.28,1.2708126898654468,17.91,0.014428412874583962,17.95,28146637,18.45,2017-04-07
18.02,-0.34794371750657327,17.91,0.006703910614525244,17.98,12394962,18.13,2017-04-06
17.9,-0.0021069681082742653,17.78,0.0,17.98,19009037,18.1,2017-04-05
17.9,58.499659540973774,17.35,0.01878201479795094,17.4,19049173,17.91,2017-04-04
17.57,-0.9774947528574415,17.31,-0.25864978902953584,18.0,320156,18.06,2017-04-03
23.7,0.5897755682037242,23.43,0.003386960203217493,23.43,14225838,24.0,2017-03-31
23.62,-0.4806376359183946,23.52,-0.0021123785382340943,23.6,8948331,23.82,2017-03-30
23.67,1.0483180554654012,22.905,0.028683181225554133,23.0,17229456,23.93,2017-03-29
23.01,0.25755409536763674,22.6301,0.012764084507042472,22.69,8411514,23.21,2017-03-28
22.72,-0.27090038848751474,22.38,-0.002195871761089152,22.55,6688789,22.85,2017-03-27
22.77,-0.06024370865920081,22.63,-0.0013157894736842701,22.86,9174040,23.24,2017-03-24
22.8,0.0736328051107753,22.38,0.01333333333333342,22.45,9762148,22.96,2017-03-23
22.5,-0.4395559115992337,22.1,0.011235955056179803,22.22,9092632,22.55,2017-03-22
22.25,0.8924784025145363,22.2,-0.030501089324618702,22.95,16223977,23.08,2017-03-21
22.95,-0.3075076635311397,22.66,0.004376367614879584,22.77,8572873,23.065,2017-03-20
22.85,0.20216913597258768,22.51,0.00927561837455837,22.65,12379737,22.99,2017-03-17
22.64,-0.2651706579269698,22.5,-0.002203613926840098,22.7,10297833,22.86,2017-03-16
22.69,0.38911534875154774,22.11,0.02069275753486277,22.23,14013911,22.85,2017-03-15
22.23,-9.912393277300424e-07,22.02,-0.0040322580645161255,22.24,10088371,22.33,2017-03-14
22.32,-0.0955112315815323,22.17,-0.002235136343316957,22.19,10088381,22.43,2017-03-13
22.37,0.011244682292052888,22.2,-0.004450378282153888,22.53,11153683,22.69,2017-03-10
22.47,-0.1318629327272085,22.38,-0.006631299734748075,22.53,11029658,22.69,2017-03-09
22.62,-0.08571670571479006,22.57,-0.00876424189307623,22.8,12704973,22.85,2017-03-08
22.82,-0.10696359611372608,22.7,-0.010836584308625885,22.97,13896101,23.19,2017-03-07
23.07,0.34512692707333814,22.83,0.0008676789587851452,22.85,15560509,23.13,2017-03-06
23.05,0.07329057697883434,22.88,0.004357298474945592,22.91,11568060,23.27,2017-03-03
22.95,-0.18792481256485305,22.84,-0.009922346850733454,23.12,10778125,23.21,2017-03-02
23.18,-0.27711228440122426,22.93,0.015775635407537125,23.01,13272324,23.3,2017-03-01
22.82,-0.03430676821442846,22.0,0.022859704168534334,22.07,18360146,22.875,2017-02-28
22.31,39.553903647044265,22.27,-0.028310104529616797,22.76,19012400,22.76,2017-02-27
22.96,-0.9647658703818608,22.1,-0.06893755068937546,22.125,468818,22.98,2017-02-24
24.66,0.7410028678714395,24.5,-0.004842615012106588,24.83,13305792,24.86,2017-02-23
24.78,-0.19213069158397988,24.5,0.0048661800486617945,24.54,7642602,24.88,2017-02-22
24.66,0.24748164914712123,24.36,0.010655737704918122,24.4,9460196,24.7,2017-02-21
24.4,0.10721449834876373,24.13,0.0028771064529387047,24.25,7583435,24.42,2017-02-17
24.33,0.0018528638572918865,24.21,-0.002050861361772016,24.37,6849111,24.48,2017-02-16
24.38,-0.2992935377863911,24.09,0.009942004971002394,24.22,6836444,24.44,2017-02-15
24.14,0.5084455306947304,23.96,0.0008291873963515162,24.08,9756502,24.15,2017-02-14
24.12,-0.22177793269689494,23.96,0.005418924551896742,24.02,6467918,24.23,2017-02-13
23.99,0.18558017081980904,23.98,-0.003737541528239241,24.08,8311147,24.26,2017-02-10
24.08,0.15205979632935307,23.56,0.01904358865848499,23.69,7010194,24.12,2017-02-09
23.63,-0.06459208928379268,23.55,-0.002532714225411681,23.62,6084922,23.88,2017-02-08
23.69,0.18419038211898187,23.52,0.006372132540356956,23.54,6505100,23.795,2017-02-07
23.54,-0.591069130842433,23.31,0.0017021276595743373,23.35,5493289,23.66,2017-02-06
23.5,0.6190743817749718,22.75,0.03569854561480823,22.75,13433295,23.58,2017-02-03
22.69,-0.14813915862589266,22.26,0.004426737494466648,22.26,8296898,22.735,2017-02-02
22.59,-0.21990869799125812,22.37,-0.003968253968253954,22.73,9739734,22.78,2017-02-01
22.68,0.3360197380388914,21.84,0.02392776523702045,22.14,12485377,22.69,2017-01-31
22.15,0.3722748384032972,21.99,-0.017738359201773912,22.49,9345204,22.49,2017-01-30
22.55,0.11011458127870033,22.48,-0.0030946065428824054,22.73,6810009,22.8,2017-01-27
22.62,-0.1591815050660791,22.62,-0.015665796344647487,22.96,6134510,23.09,2017-01-26
22.98,-0.11253457444317494,22.835,0.003931847968545288,23.02,7295879,23.14,2017-01-25
22.89,-0.09413293092305886,22.66,0.014178112538768328,22.71,8221029,23.09,2017-01-24
22.57,0.0022667560484561644,22.39,-0.013548951048951041,22.82,9075315,22.93,2017-01-23
22.88,0.5615764302897321,22.64,0.004830917874396157,22.79,9054790,22.9,2017-01-20
22.77,-0.31371479640259947,22.68,-0.003937007874015741,22.79,5798493,22.88,2017-01-19
22.86,0.431452475719051,22.59,0.007492287351255955,22.77,8449101,22.99,2017-01-18
22.69,0.025262148968426823,22.635,-0.010897994768962471,22.83,5902467,22.99,2017-01-17
22.94,-0.3041383293272456,22.74,0.008351648351648366,22.75,5757032,23.05,2017-01-13
22.75,-0.10819826717632874,22.425,-0.0004393673110720808,22.73,8273242,22.84,2017-01-12
22.76,-0.3123803085876886,22.61,-0.008278867102396448,22.92,9276997,22.98,2017-01-11
22.95,-0.05606207512538175,22.51,0.017287234042553168,22.69,13491465,23.01,2017-01-10
22.56,-0.017112977145012143,22.51,-0.023376623376623495,23.14,14292746,23.1833,2017-01-09
23.1,0.25833466522755755,22.41,-0.01952461799660432,23.57,14541596,23.57,2017-01-06
23.56,0.6612053223669447,23.33,0.004690831556503072,23.45,11556223,23.58,2017-01-05
23.45,-0.1365410124863109,23.24,0.010775862068965525,23.3,6956529,23.71,2017-01-04
23.2,0.2761211701513795,22.98,0.0025929127052721768,23.19,8056583,23.47,2017-01-03
23.14,0.22604875657754708,23.03,-0.00856898029134534,23.23,6313337,23.45,2016-12-30
23.34,-0.21924667147713162,23.18,0.0017167381974247942,23.28,5149336,23.47,2016-12-29
23.3,0.7425072781232522,23.29,-0.018534119629317503,23.82,6595343,23.82,2016-12-28
23.74,-0.35829425427665595,23.62,-0.0033585222502099388,23.81,3784973,23.9,2016-12-27
23.82,-0.07872847254295967,23.68,0.002525252525252375,23.77,5898300,23.84,2016-12-23
23.76,0.18093892283253554,23.52,-0.005441607367099199,23.91,6402347,23.99,2016-12-22
23.89,-0.40214547723839367,23.795,0.002097315436241587,23.84,5421404,24.04,2016-12-21
23.84,0.3335578945015456,23.65,0.004635482511588629,23.77,9068099,23.98,2016-12-20
23.73,-0.6702939399005519,23.42,0.010217113665389688,23.42,6799929,23.9,2016-12-19
23.49,0.2807611556363736,23.38,-0.010113780025284513,23.63,20624216,23.785,2016-12-16
23.73,0.6374523653896449,23.67,-0.007943143812709108,23.85,16103093,23.87,2016-12-15
23.92,-0.09470790577934218,23.73,-0.00041788549937304964,23.74,9834236,24.38,2016-12-14
23.93,-0.12044301343837982,23.75,0.001255230125523088,23.84,10863053,24.22,2016-12-13
23.9,-0.07236677163312799,23.7,-0.024887800897592904,24.09,12350596,24.22,2016-12-12
24.51,0.8751748545249787,24.32,-0.005275974025974017,24.56,13314094,24.77,2016-12-09
24.64,-0.5641543510792296,24.51,-0.0016207455429497752,24.65,7100188,24.79,2016-12-08
24.68,0.6544720636618135,23.81,0.03005008347245397,23.84,16290602,24.79,2016-12-07
23.96,-0.04145409113171228,23.89,-0.010326311441553049,24.16,9846405,24.18,2016-12-06
24.21,0.39943922875630355,23.83,0.015094339622641506,23.92,10272231,24.22,2016-12-05
23.85,-0.3978697285132273,23.34,0.020539152759948776,23.36,7340248,23.9,2016-12-02
23.37,-0.1576716943710017,23.33,-0.01806722689075624,23.78,12190465,23.9,2016-12-01
23.8,0.027538178007669778,23.63,0.002527379949452513,23.79,14472344,23.895,2016-11-30
23.74,-0.3555783705403448,23.22,0.01713796058269068,23.22,14084483,23.9,2016-11-29
23.34,1.0526344310360196,22.88,0.0051679586563306845,22.97,21856006,23.39,2016-11-28
23.22,-0.5063243971035376,22.71,-0.014012738853503293,23.02,10647783,23.39,2016-11-25
23.55,-0.10748991381644424,22.47,0.029733275032794104,22.7,21568380,23.63,2016-11-23
22.87,0.036924650276841,22.605,-0.010813148788927363,23.1,24165979,23.34,2016-11-22
23.12,0.4045186752004528,22.81,-0.008151008151007999,23.42,23305434,23.55,2016-11-21
23.31,0.5222343031687227,23.27,-0.012288135593220506,23.689,16593182,23.85,2016-11-18
23.6,-0.05614521407679629,23.26,0.002974925626859415,23.47,10900544,23.67,2016-11-17
23.53,-0.21836519429768209,23.21,0.005126014523707756,23.31,11548963,23.65,2016-11-16
23.41,0.19410717599222593,23.14,0.0025695931477516254,23.47,14775395,23.53,2016-11-15
23.35,0.30953874966569894,23.07,0.001716001716001836,23.35,12373592,23.62,2016-11-14
23.31,-0.2726545290737523,22.92,0.010403120936280708,23.02,9448817,23.38,2016-11-11
23.07,-0.15405305632835298,22.91,-0.0068876452862677295,23.35,12990824,23.69,2016-11-10
23.23,0.20024024270938257,22.36,-0.00043029259896720795,22.44,15356547,23.55,2016-11-09
23.24,0.18416273536446814,22.89,0.005625270445694497,23.11,12794561,23.49,2016-11-08
23.11,0.40028734790532283,22.37,0.04854809437386565,22.38,10804732,23.19,2016-11-07
22.04,0.1026643007366308,21.52,0.011009174311926495,21.64,7716082,22.399,2016-11-04
21.8,-0.1597445397637952,21.76,-0.009990917347865502,22.07,6997671,22.18,2016-11-03
22.02,0.12857422986383304,21.87,-0.0027173913043477826,22.04,8328028,22.17,2016-11-02
22.08,-0.09355781817985276,21.77,-0.01735647530040052,22.42,7379247,22.56,2016-11-01
22.47,0.08441788784643123,22.22,0.013531799729363803,22.25,8140891,22.52,2016-10-31
22.17,-0.4063416476494788,22.0,-0.0009013068949976777,22.2,7507153,22.49,2016-10-28
22.19,0.663350158994275,21.88,0.01788990825688086,21.88,12645578,22.39,2016-10-27
21.8,-0.17777685488040929,21.47,0.0092592592592593,21.53,7602475,21.81,2016-10-26
21.6,0.022350814343052416,21.39,-0.0036900369003689537,21.65,9246243,21.7,2016-10-25
21.68,-0.24426663422274464,21.59,0.002311604253351751,21.68,9044100,21.79,2016-10-24
21.63,0.12992650337061762,21.45,-0.011425959780621553,21.7,11967316,21.73,2016-10-21
21.88,-0.394427195158635,21.54,0.006902899217671399,21.63,10591234,21.91,2016-10-20
21.73,0.49663263042813033,21.55,0.012109920819748599,21.61,17489613,21.97,2016-10-19
21.47,0.0034500858979424898,21.1,0.009402914903620108,21.54,11685976,21.59,2016-10-18
21.27,-0.14124951479678094,21.21,-0.01207617278216444,21.5,11645797,21.69,2016-10-17
21.53,-0.01811736359629834,21.475,-0.010569852941176516,21.54,13561328,21.95,2016-10-14
21.76,0.779205404464671,21.46,-0.010909090909090868,21.78,13811557,21.95,2016-10-13
22.0,-0.23215006906702396,21.8,0.0009099181073703999,22.08,7762767,22.12,2016-10-12
21.98,0.09859586995774161,21.895,-0.023111111111111082,22.5,10109745,22.5,2016-10-11
22.5,-0.017209679045423698,22.44,0.0071620411817368,22.48,9202424,22.69,2016-10-10
22.34,0.4295056619524187,22.17,-0.014991181657848296,22.67,9363568,22.7,2016-10-07
22.68,-0.09928832351406336,22.63,-0.0052631578947368585,22.74,6550214,22.85,2016-10-06
22.8,-0.2039024654040792,22.46,0.01831174631531929,22.46,7272265,22.87,2016-10-05
22.39,-0.2185644924167781,22.26,-0.01147902869757167,22.68,9134892,22.93,2016-10-04
22.65,-0.27881753547894506,22.55,-0.004395604395604491,22.59,11689886,22.835,2016-10-03
22.75,0.7904032859064933,22.59,-0.0065502183406113135,23.08,16209332,23.29,2016-09-30
22.9,0.28008020284572765,22.875,-0.006076388888888951,22.96,9053453,23.31,2016-09-29
23.04,-0.46112748814263127,22.82,0.005235602094240788,23.0,7072567,23.19,2016-09-28
22.92,0.6189114663670132,22.561,0.005704256252742512,22.69,13124750,23.025,2016-09-27
22.79,0.11909840408130257,22.64,-0.008268059181897325,22.86,8107145,22.965,2016-09-26
22.98,-0.2924909751593844,22.91,-0.011187607573149627,23.13,7244354,23.265,2016-09-23
23.24,-0.0409616609980229,23.14,0.00519031141868509,23.14,10239239,23.53,2016-09-22
23.12,0.10427716003656462,22.57,0.022104332449160102,22.6,10676569,23.12,2016-09-21
22.62,-0.1948335116045038,22.62,-0.002645502645502562,22.755,9668378,22.945,2016-09-20
22.68,-0.26542820062721617,22.36,0.018867924528301883,22.37,12007924,23.0,2016-09-19
22.26,0.2664453818901673,21.96,0.0058743786714867685,22.07,16346835,22.32,2016-09-16
22.13,0.17589851214935148,21.29,0.03604868913857673,21.32,12907651,22.14,2016-09-15
21.36,-0.08545058020615448,21.09,0.009451795841209698,21.13,10976841,21.415,2016-09-14
21.16,-0.05864248437999875,21.05,-0.006106153123532132,21.1,12002458,21.37,2016-09-13
21.29,-0.19123573072177413,20.63,0.017686424474187223,20.72,12750159,21.415,2016-09-12
20.92,-0.4609905595835131,20.92,-0.021515434985968085,21.15,15764988,21.47,2016-09-09
21.38,0.4254697780507062,21.32,-0.03214124038026256,22.0,29248074,22.2,2016-09-08
22.09,1.403961401084127,21.51,0.01052150045745659,22.01,20518200,22.32,2016-09-07
21.86,0.2996102918045558,21.75,-0.01575866726699693,22.18,8535162,22.18,2016-09-06
22.21,-0.6527724422368435,21.94,0.002256317689530718,22.17,6567478,22.3,2016-09-02
22.16,0.9785028458299811,21.08,0.03165735567970196,21.43,18914046,22.32,2016-09-01
21.48,0.04318504919452448,21.16,-0.004633920296570837,21.54,9559777,21.68,2016-08-31
21.58,0.5568020353204752,21.45,-0.011904761904761973,21.93,9164028,21.96,2016-08-30
21.84,0.11265994697968496,21.73,0.0027548209366390353,21.76,5886444,22.13,2016-08-29
21.78,-0.26208105716180674,21.61,-0.0027472527472527375,21.9,5290425,22.09,2016-08-26
21.84,0.5885953883795247,21.45,0.006915629322268302,21.63,7169385,21.935,2016-08-25
21.69,-0.4297756936676518,21.67,-0.0109439124487003,21.92,4513034,22.05,2016-08-24
21.93,0.7825429690412093,21.875,-0.00045578851412952925,22.03,7914489,22.07,2016-08-23
21.94,-0.2650629033464805,21.63,0.002742230347349217,21.82,4439999,21.975,2016-08-22
21.88,-0.100735061426795,21.74,0.0009149130832570851,21.78,6041332,21.96,2016-08-19
21.86,-0.3123477289621075,21.54,0.010166358595194103,21.54,6718078,21.89,2016-08-18
21.64,0.6011417919486197,21.48,-0.019483461712732186,22.06,9769586,22.19,2016-08-17
22.07,-0.14763487434060707,21.8103,0.0027260336210812586,21.9,6101637,22.17,2016-08-16
22.01,-0.3221963047110271,21.9,0.005481955230699054,21.93,7158478,22.19,2016-08-15
21.89,0.3939257835391059,21.495,0.005050505050504972,21.68,10561285,21.96,2016-08-12
21.78,0.3317134782977038,21.52,0.010672853828306295,21.59,7576648,21.86,2016-08-11
21.55,-0.29399821334107323,21.43,-0.006912442396313279,21.73,5689398,21.75,2016-08-10
21.7,0.0363130603770101,21.62,0.002309468822170979,21.73,8058617,21.86,2016-08-09
21.65,-0.1806807137974371,21.58,-0.01186672752167972,22.0,7776238,22.17,2016-08-08
21.91,0.06391400711406137,21.77,0.006893382352941124,21.84,9491096,22.2,2016-08-05
21.76,-0.35811570349024413,21.46,0.011622501162250165,21.48,8920924,21.92,2016-08-04
21.51,0.26051031801752855,20.68,0.03562831006259026,20.77,13898025,21.52,2016-08-03
20.77,-0.2065253867030027,20.645,-0.014705882352941124,21.03,11025713,21.1,2016-08-02
21.08,-0.5583065333204575,20.63,0.0028544243577544037,21.14,13895483,21.59,2016-08-01
21.02,6.2195676414748595,20.1,0.03495814869522418,20.32,31459562,21.9,2016-07-29
20.31,-0.33506441307378476,20.15,-0.0019656019656021373,20.3,4357541,20.43,2016-07-28
20.35,-0.17541544876771487,20.258,-0.004889975550122161,20.5,6553328,20.665,2016-07-27
20.45,-0.1819365469502563,20.145,0.011875309252844968,20.19,7947430,20.46,2016-07-26
20.21,0.16117303812355965,20.19,0.007980049875311757,20.35,9714931,20.49,2016-07-25
20.05,-0.08039670153286638,19.74,0.0151898734177216,19.82,8366480,20.05,2016-07-22
19.75,0.7120761479503745,19.705,-0.015453639082751658,20.03,9097923,20.16,2016-07-21
20.06,-0.03988162691265873,19.725,0.013643254168772101,19.8,5313971,20.08,2016-07-20
19.79,-0.055121056818686176,19.68,0.0,19.69,5534704,19.94,2016-07-19
19.79,-0.3301987558733306,19.65,0.001011633788568611,19.72,5857580,19.98,2016-07-18
19.77,-0.4138464070988971,19.69,-0.011005502751375684,20.08,8745251,20.17,2016-07-15
19.99,1.1731936016043476,19.62,0.025128205128205128,19.62,14919726,20.1664,2016-07-14
19.5,-0.4699186055292154,19.3,-0.009649568308786272,19.69,6865346,19.76,2016-07-13
19.69,0.2746178555822807,19.43,0.018097207859358866,19.43,12951494,19.9,2016-07-12
19.34,-0.0676626934600737,19.14,0.015756302521008347,19.15,10161080,19.465,2016-07-11
19.04,0.7362624442607046,18.575,0.030860855441256163,18.76,10898502,19.04,2016-07-08
18.47,-0.13588668189593678,18.34,0.0038043478260869623,18.34,6276990,18.71,2016-07-07
18.4,0.18407090522535485,17.92,0.01098901098901095,18.0,7264082,18.43,2016-07-06
18.2,-0.31289006564958255,17.94,-0.01568415359653863,18.39,6134837,18.43,2016-07-05
18.49,-0.2853043886012627,18.15,0.012041598248494711,18.47,8928465,18.64,2016-07-01
18.27,0.5124405731802943,17.88,0.027559055118110187,17.92,12492682,18.5,2016-06-30
17.78,-0.3574384850515231,17.605,0.021839080459770344,17.74,8259949,17.91,2016-06-29
17.4,-0.3058123961429873,17.105,0.011627906976744207,17.5,12854721,17.58,2016-06-28
17.2,-0.27155326662740475,16.965,-0.052863436123348095,18.0,18517647,18.01,2016-06-27
18.16,1.4960507168821273,18.11,-0.07582697201017807,18.61,25420729,19.08,2016-06-24
19.65,-0.03677966523289267,19.34,0.022904737116085316,19.37,10184380,19.69,2016-06-23
19.21,-0.0851738135499952,19.19,-0.027834008097166074,19.66,10573261,19.76,2016-06-22
19.76,-0.2717040617356393,19.26,0.019607843137255054,19.41,11557672,19.85,2016-06-21
19.38,-0.04636869514259212,19.16,0.023231256599788752,19.22,15869472,19.61,2016-06-20
18.94,0.3496791073889245,18.49,0.015005359056806,18.59,16641098,19.01,2016-06-17
18.66,0.030254100216074997,18.575,-0.007446808510638281,18.68,12329670,18.83,2016-06-16
18.8,-0.16633756986544201,18.41,0.026761332605133914,18.43,11967601,19.06,2016-06-15
18.31,0.4147531390171211,18.215,-0.015591397849462507,18.47,14355452,18.64,2016-06-14
18.6,0.03217335932000642,18.58,-0.027196652719665204,19.01,10146966,19.15,2016-06-13
19.12,0.0485864049029916,18.9,-0.021994884910485957,19.31,9830680,19.33,2016-06-10
19.55,-0.40741212227095436,19.33,0.010335917312661369,19.39,9375174,19.65,2016-06-09
19.35,0.10741273525919515,19.2,0.00991649269311079,19.27,15820732,19.62,2016-06-08
19.16,0.11270032944353492,18.77,0.013756613756613856,18.84,14286211,19.245,2016-06-07
18.9,0.3827185303529861,18.28,0.029972752043596618,18.28,12839226,18.97,2016-06-06
18.35,-0.3204054778326767,18.28,-0.008108108108108025,18.4,9285495,18.5,2016-06-03
18.5,0.1118514708957854,18.1,0.011481683980317126,18.14,13663287,18.53,2016-06-02
18.29,-0.5075077912932129,18.14,-0.009745533297238707,18.31,12288770,18.38,2016-06-01
18.47,0.08690415762136938,17.76,0.011500547645125758,18.0,24952212,18.47,2016-05-31
18.26,0.0563227246949638,17.46,0.05002875215641178,17.46,22957141,18.34,2016-05-27
17.39,-0.5043633797297296,16.84,0.002305475504322807,17.0,21733075,17.69,2016-05-26
17.35,2.5111658108050756,17.12,0.06769230769230772,18.33,43848808,18.5,2016-05-25
16.25,0.4437693782239718,15.99,0.011200995644057299,16.1,12488390,16.34,2016-05-24
16.07,-0.037080605200255023,15.87,0.012602394454946486,15.88,8649851,16.27,2016-05-23
15.87,0.3437704192147055,15.66,0.005703422053231932,15.76,8982944,15.99,2016-05-20
15.78,0.01647958139448602,15.38,0.007019783024888371,15.51,6684880,15.79,2016-05-19
15.67,-0.5493265426815354,15.515,-0.009481668773704155,15.79,6576502,15.93,2016-05-18
15.82,0.6546023621091941,15.69,-0.00877192982456143,15.88,14592610,16.2,2016-05-17
15.96,0.29910812135724396,15.71,0.012048192771084487,15.76,8819406,16.095,2016-05-16
15.77,0.25292356756078394,15.69,-0.008176100628930816,15.9,6788816,16.115,2016-05-13
15.9,-0.1625581883098045,15.8535,-0.0074906367041197575,16.09,5418380,16.14,2016-05-12
16.02,0.358820505216946,15.88,0.008181246066708558,15.89,6470157,16.355,2016-05-11
15.89,-0.036762098385196174,15.61,0.001891551071879105,15.89,4761598,15.9,2016-05-10
15.86,-0.008080114086363,15.67,0.005069708491761693,15.71,4943325,15.96,2016-05-09
15.78,0.416099214603153,15.56,0.003816793893129722,15.63,4983593,15.86,2016-05-06
15.72,-0.4698163164614648,15.64,-0.013182674199623268,15.95,3519240,15.97,2016-05-05
15.93,-0.4001494164768762,15.68,0.0,15.8,6637775,16.0,2016-05-04
15.93,0.3078175853418532,15.78,-0.028658536585365768,16.23,11065714,16.25,2016-05-03
16.4,0.19358821320484676,16.28,-0.015606242496998934,16.66,8461206,16.75,2016-05-02
16.66,0.4808787152886509,16.51,-0.02172636523781568,16.89,7088882,16.91,2016-04-29
17.03,-0.24776747551090195,16.92,-0.016175621028307163,17.17,4786943,17.385,2016-04-28
17.31,0.01240229594486908,17.25,-0.002880184331797264,17.3,6363648,17.52,2016-04-27
17.36,0.07592287687780108,17.23,0.00871586287042403,17.25,6285691,17.465,2016-04-26
17.21,-0.2658785793065369,16.82,-0.016009148084619618,17.36,5842139,17.41,2016-04-25
17.49,0.33291543642506705,17.33,0.0017182130584190158,17.44,7958001,17.7,2016-04-22
17.46,0.09747145097641297,17.32,0.0034482758620690834,17.34,5970372,17.74,2016-04-21
17.4,-0.15522135057970143,17.07,0.009280742459396807,17.07,5440116,17.5,2016-04-20
17.24,0.13745910295783448,17.15,-0.01146788990825709,17.46,6439694,17.48,2016-04-19
17.44,-0.5227213619438295,17.14,0.0022988505747127963,17.21,5661473,17.485,2016-04-18
17.4,0.7929521877381103,16.85,0.00811123986094997,17.41,11861987,17.48,2016-04-15
17.26,-0.19741458173378856,17.06,-0.013714285714285679,17.36,6615897,17.4,2016-04-14
17.5,-0.06197803863431561,17.15,0.015081206496519783,17.29,8243231,17.51,2016-04-13
17.24,0.49493038906965237,17.18,-0.027636773829667338,17.71,8787887,17.76,2016-04-12
17.73,-0.19251748252708833,17.66,-0.008943543879262217,17.95,5878459,18.06,2016-04-11
17.89,-0.22663962873516408,17.81,0.008455467869222133,17.85,7279983,18.295,2016-04-08
17.74,-0.09415356652707685,17.625,-0.012249443207127064,17.79,9413442,18.04,2016-04-07
17.96,0.2520343696758225,17.46,0.019875070982396492,17.65,10391874,17.98,2016-04-06
17.61,0.08256497222891768,17.56,-0.023835920177383563,17.87,8299991,17.91,2016-04-05
18.04,-0.48370356393503167,17.93,-0.019565217391304346,18.45,7666968,18.45,2016-04-04
18.4,0.42930702652382124,17.56,0.037789058093626426,17.61,14849934,18.545,2016-04-01
17.73,-0.015437374265660275,17.5101,-0.008943543879262217,17.84,10389604,17.96,2016-03-31
17.89,0.780532720188182,17.63,0.013597733711048221,17.72,10552507,17.915,2016-03-30
17.65,0.07184717002083785,17.22,0.00799543118218149,17.37,5926601,17.68,2016-03-29
17.51,-0.3766234264046321,17.22,-0.0034149117814455954,17.48,5529334,17.665,2016-03-28
17.57,-0.22424161962032507,17.11,0.006300114547537206,17.41,8869974,17.64,2016-03-24
17.46,0.010198696736008817,17.09,-0.002855511136493516,17.52,11433939,17.57,2016-03-23
17.51,0.054855932568281585,17.34,-0.011293054771315592,17.41,11318505,18.08,2016-03-22
17.71,-0.6534589444241137,17.3,0.021927293710328977,17.33,10729906,17.94,2016-03-21
17.33,1.8489401241621546,17.08,0.00990675990675971,17.17,30962871,17.58,2016-03-18
17.16,-0.13151405988667064,16.96,-0.0017452006980803736,17.13,10868207,17.33,2016-03-17
17.19,-0.10192681439529938,16.6,0.025044722719141488,16.71,12513970,17.23,2016-03-16
16.77,0.441123171168607,16.25,0.021937842778793293,16.36,13934243,16.88,2016-03-15
16.41,-0.38351036738870237,16.04,0.004898958971218725,16.2,9669016,16.57,2016-03-14
16.33,0.09792414195209576,16.0,0.027044025157232587,16.0,15683988,16.44,2016-03-11
15.9,0.29055956748169787,15.52,0.02646868947708203,15.55,14285129,16.21,2016-03-10
15.49,-0.10006238375202858,15.3,0.01707156927117537,15.34,11068942,15.835,2016-03-09
15.23,-0.33436876884482614,15.205,-0.04633688165309957,15.75,12299677,15.79,2016-03-08
15.97,-0.4462564383027978,15.06,0.03432642487046644,15.13,18478215,15.99,2016-03-07
15.44,2.333048168231229,14.82,0.1352941176470588,14.9,33369625,15.84,2016-03-04
13.6,-0.00047391846106581426,13.28,-0.021582733812949728,13.91,10011744,13.95,2016-03-03
13.9,4.028295829620612,13.35,0.046686746987951944,13.38,10016491,14.05,2016-03-02
13.28,-0.46881783853704884,13.09,0.0007535795026374359,13.42,1992025,13.47,2016-03-01
13.27,-0.6535618709493436,13.21,-0.012648809523809534,13.31,3750173,13.47,2016-02-29
13.44,-0.10388788051024933,13.15,-0.01754385964912286,13.78,10824943,13.8,2016-02-26
13.68,-0.08670867136612448,13.24,0.011086474501108778,13.45,12079898,13.71,2016-02-25
13.53,-0.09696083588704951,12.82,0.03361344537815114,13.0,13226774,13.57,2016-02-24
13.09,0.36180209171658806,12.84,-0.051449275362318914,13.72,14646955,13.82,2016-02-23
13.8,0.14246212388372848,13.57,0.009509875640087762,13.75,10755568,13.88,2016-02-22
13.67,-0.1976917899382944,13.25,0.010347376201034875,13.51,9414376,13.74,2016-02-19
13.53,0.3541163282408868,13.02,0.03917050691244239,13.05,11734114,13.7,2016-02-18
13.02,-0.2764806365056447,12.37,0.05596107055961075,12.39,8665514,13.135,2016-02-17
12.33,0.13531401282157018,12.27,0.0032546786004883366,12.41,11976893,12.49,2016-02-16
12.29,0.07271710237516915,12.18,-0.008870967741935631,12.5,10549410,12.79,2016-02-12
12.4,0.6437874799359018,12.015,-0.035769828926905056,12.57,9834289,12.67,2016-02-11
12.86,-0.10525537314794464,12.71,0.011006289308175932,12.77,5982701,13.07,2016-02-10
12.72,-0.5486934905055403,12.31,0.016786570743405393,12.37,6686490,12.86,2016-02-09
12.51,0.12006438318199164,12.37,-0.05227272727272725,13.0,14815851,13.05,2016-02-08
13.2,1.035293851548872,13.035,-0.04693140794223827,13.69,13227678,13.75,2016-02-05
13.85,-0.13952997886144114,13.31,0.03590127150336575,13.31,6499149,13.89,2016-02-04
13.37,-0.219528854305175,13.11,-0.005947955390334547,13.66,7553022,13.77,2016-02-03
13.45,0.01339023737429379,13.36,-0.024655547498187103,13.7,9677516,13.97,2016-02-02
13.79,-0.15950326991820474,13.53,0.0021802325581394832,13.67,9549644,13.88,2016-02-01
13.76,0.1506397740263128,13.35,0.04321455648218353,13.41,11361905,13.88,2016-01-29
13.19,-0.46579995159189,13.07,-0.014936519790888836,13.45,9874424,13.7,2016-01-28
13.39,0.7233142068468632,12.955,-0.01544117647058818,13.53,18484506,13.61,2016-01-27
13.6,-0.04088988107133884,13.35,0.019490254872563728,13.35,10726138,13.725,2016-01-26
13.34,-0.26761243632129017,13.12,-0.0007490636704119424,13.29,11183427,13.55,2016-01-25
13.35,-0.08717781243394362,12.65,0.07574536663980647,12.7,15269821,13.43,2016-01-22
12.41,0.005293792598642266,11.82,0.029021558872305064,12.0,16728144,12.54,2016-01-21
12.06,0.2874188721830164,11.625,-0.02110389610389607,12.0,16640055,12.2,2016-01-20
12.32,-0.3448824961547394,12.2,-0.01754385964912275,12.68,12925129,12.78,2016-01-19
12.54,0.4775870078571798,12.49,-0.03538461538461546,12.6,19729482,12.8,2016-01-15
13.0,-0.24650538506661535,12.65,0.019607843137254832,12.75,13352501,13.17,2016-01-14
12.75,0.4224006389289112,12.53,-0.038461538461538436,13.35,17720765,13.35,2016-01-13
13.26,-0.17553546666306663,13.09,0.0,13.35,12458350,13.42,2016-01-12
13.26,-0.08039360622361913,13.07,-0.020679468242245203,13.43,15110838,13.71,2016-01-11
13.54,-0.17197069701618561,13.31,-0.01239970824215908,13.77,16431854,14.02,2016-01-08
13.71,0.7538098429364162,13.65,-0.07364864864864862,14.5,19844532,14.56,2016-01-07
14.8,0.10006626589540524,14.51,-0.015302727877578137,14.62,11315099,15.0,2016-01-06
15.03,-0.3177723308638716,14.94,-0.006609385327164707,15.13,10285834,15.25,2016-01-05
15.13,1.2277394646658508,14.74,-0.004605263157894668,14.97,15076835,15.15,2016-01-04
15.2,0.07839585785220571,15.1,-0.005235602094240788,15.23,6767773,15.31,2015-12-31
15.28,3.983585714628646e-06,15.15,0.0052631578947368585,15.29,6275778,15.48,2015-12-30
15.2,0.05819224110196619,15.18,-0.001969796454366457,15.29,6275753,15.4371,2015-12-29
15.23,1.7223996412142712,14.82,0.013981358189081305,14.89,5930636,15.28,2015-12-28
15.02,-0.8063958213059788,14.7901,0.007377598926894713,14.81,2178459,15.17,2015-12-24
14.91,0.5429777211471112,14.05,0.060455192034139404,14.19,11252128,14.97,2015-12-23
14.06,-0.26064204970874216,13.9201,0.0028530670470756636,14.04,7292476,14.14,2015-12-22
14.02,-0.4891420766213208,13.87,-0.009887005649717562,14.12,9863255,14.4,2015-12-21
14.16,1.5319445730341705,14.0,-0.01048218029350112,14.27,19307237,14.385,2015-12-18
14.31,-0.02748512683638038,14.22,-0.026530612244897833,14.61,7625458,14.72,2015-12-17
14.7,-0.3916419596983072,14.55,0.009615384615384581,14.62,7840968,14.81,2015-12-16
14.56,0.11806741226822992,14.485,0.008310249307479367,14.51,12888739,14.98,2015-12-15
14.44,0.08600578270094217,13.92,0.01833568406205921,14.3,11527694,14.5,2015-12-14
14.18,-0.06479564645825397,14.14,-0.036684782608695676,14.99,10614763,15.4,2015-12-11
14.72,-0.20416023783605652,14.53,-0.008754208754208737,14.79,11350207,14.81,2015-12-10
14.85,0.22761360112126416,14.68,-0.021094264996704082,14.99,14261925,15.39,2015-12-09
15.17,0.21701922292256604,14.62,-0.018122977346278324,15.09,11617601,15.29,2015-12-08
15.45,-0.20457633622293314,14.92,0.015111695137976167,15.0,9545947,15.48,2015-12-07
15.22,-0.3651979556990549,14.24,0.04103967168262668,14.39,12001085,15.295,2015-12-04
14.62,0.4908240765544414,14.58,-0.022073578595317778,15.0,18905240,15.34,2015-12-03
14.95,-0.49490425974967844,14.87,-0.042280589365791155,15.37,12681067,15.54,2015-12-02
15.61,-0.13712406812888223,14.85,0.05047106325706596,14.88,25106264,15.88,2015-12-01
14.86,3.8158537025395756,14.18,0.03554006968641121,14.23,29096030,15.0,2015-11-30
14.35,-0.7335503310401363,14.05,0.01628895184135981,14.12,6041718,14.64,2015-11-27
14.12,-0.05948106007909604,13.84,0.03140978816654494,13.91,22674894,14.86,2015-11-25
13.69,0.5739619366149944,13.5,-0.011552346570397165,13.58,24108918,14.025,2015-11-24
13.85,-0.17464913544598715,13.57,-0.025334271639690487,14.17,15317345,14.21,2015-11-23
14.21,0.40899659727209325,13.68,0.031204644412191618,13.78,18558586,14.63,2015-11-20
13.78,0.011598347986536695,13.52,0.01026392961876832,13.53,13171491,13.89,2015-11-19
13.64,0.04828336174947112,13.1886,0.03177004538577921,13.48,13020475,13.73,2015-11-18
13.22,-0.09872861017133627,13.12,-0.01195814648729443,13.38,12420759,13.49,2015-11-17
13.38,-0.07659589750647477,13.14,-0.0007468259895444529,13.37,13781375,13.61,2015-11-16
13.39,-0.26738770407879253,13.15,-0.02262773722627731,13.61,14924533,13.76,2015-11-13
13.7,0.8503905803293135,13.59,-0.029057406094968097,13.81,20371666,13.82,2015-11-12
14.11,-0.2550032430479169,14.09,-0.020818875780707846,14.2,11009387,14.31,2015-11-11
14.41,-0.1569094701030711,14.01,0.014788732394366289,14.13,14777765,14.44,2015-11-10
14.2,-0.4166961373185175,14.13,-0.01388888888888895,14.26,17528088,14.48,2015-11-09
14.4,0.35420119523429494,13.15,0.08433734939759052,13.18,30049669,14.48,2015-11-06
13.28,-0.29592545692983396,13.12,-0.027818448023426146,13.64,22189959,13.89,2015-11-05
13.66,-0.2161171181774325,13.61,-0.04874651810584951,14.39,31516491,14.51,2015-11-04
14.36,-0.01615721531680292,13.675,-0.00897170462387864,14.07,40205612,14.71,2015-11-03
14.49,15.684872439959857,13.86,-0.015625,14.99,40865891,15.17,2015-11-02
14.72,7.432817115746129,14.72,-0.07711598746081494,15.9,2449278,16.1,2015-10-30
15.95,-0.01982647196789966,15.55,-0.020270270270270396,16.01,290446,16.27,2015-10-29
16.28,-0.5340989313178736,15.845,0.034965034965035,15.9,296321,16.35,2015-10-28
15.73,0.2354666578606408,15.6,-0.04202192448233866,16.56,636017,16.75,2015-10-27
16.42,7.592872642296779,16.31,-0.034117647058823475,17.11,514799,17.11,2015-10-26
17.0,-0.4553636363636364,16.85,0.002949852507374784,17.25,59910,17.25,2015-10-23
16.95,0.39952670551413516,16.24,0.02851941747572817,16.71,110000,17.05,2015-10-22
16.48,-0.8892411841630592,16.4,-0.023117960877297006,17.25,78598,17.35,2015-10-21
16.87,-0.5513133734958042,16.25,0.01933534743202414,16.25,709632,16.93,2015-10-20
16.55,,16.48,,18.5,1581576,18.5,2015-10-19
